<?xml version="1.0" encoding="UTF-8" standalone="yes"?>
<categories>
    <category name="Fashion">
        <products-count>64</products-count>
        <average-price>741.261406</average-price>
        <total-revenue>47440.73</total-revenue>
    </category>
    <category name="Drugs">
        <products-count>65</products-count>
        <average-price>666.548923</average-price>
        <total-revenue>43325.68</total-revenue>
    </category>
    <category name="Autoparts">
        <products-count>65</products-count>
        <average-price>656.022154</average-price>
        <total-revenue>42641.44</total-revenue>
    </category>
    <category name="Business">
        <products-count>67</products-count>
        <average-price>780.828955</average-price>
        <total-revenue>52315.54</total-revenue>
    </category>
    <category name="Electronics">
        <products-count>68</products-count>
        <average-price>726.954706</average-price>
        <total-revenue>49432.92</total-revenue>
    </category>
    <category name="Weapons">
        <products-count>71</products-count>
        <average-price>726.281127</average-price>
        <total-revenue>51565.96</total-revenue>
    </category>
    <category name="Other">
        <products-count>71</products-count>
        <average-price>762.239577</average-price>
        <total-revenue>54119.01</total-revenue>
    </category>
    <category name="Sports">
        <products-count>74</products-count>
        <average-price>734.043919</average-price>
        <total-revenue>54319.25</total-revenue>
    </category>
    <category name="Adult">
        <products-count>75</products-count>
        <average-price>694.719067</average-price>
        <total-revenue>52103.93</total-revenue>
    </category>
    <category name="For Children">
        <products-count>82</products-count>
        <average-price>761.127439</average-price>
        <total-revenue>62412.45</total-revenue>
    </category>
    <category name="Garden">
        <products-count>83</products-count>
        <average-price>722.38241</average-price>
        <total-revenue>59957.74</total-revenue>
    </category>
</categories>
