<?xml version="1.0" encoding="UTF-8" standalone="yes"?>
<products>
    <product name="TRAMADOL HYDROCHLORIDE" price="516.48" seller="Christina Patterson"/>
    <product name="Allopurinol" price="518.5" seller="Chris Mitchell"/>
    <product name="Parsley" price="519.06" seller="Patricia Fuller"/>
    <product name="equaline" price="520.45" seller="null Mitchell"/>
    <product name="Extra Strength Pain Reliever PM" price="542.72" seller="Paula Hill"/>
    <product name="Propranolol Hydrochloride" price="546.95" seller="Eugene Stewart"/>
    <product name="Prednisone" price="550.72" seller="Betty Lawson"/>
    <product name="TERSI" price="554.91" seller="null Baker"/>
    <product name="DAYWEAR PLUS MULTI PROTECTION TINTED MOISTURIZER" price="555.12" seller="null Peterson"/>
    <product name="PLANTAGO LANCEOLATA POLLEN" price="561.68" seller="null Cunningham"/>
    <product name="Echinacea Quartz Gum Support" price="570.08" seller="Christina Patterson"/>
    <product name="Topiramate" price="578.77" seller="Diana Harvey"/>
    <product name="AIR" price="581.69" seller="null Bennett"/>
    <product name="Agaricus Equisetum Special Order" price="585.93" seller="Ann Stevens"/>
    <product name="Gemcitabine" price="594.79" seller="Clarence Fowler"/>
    <product name="Ketorolac Tromethamine" price="608.18" seller="Jeremy Woods"/>
    <product name="Pleo Ginkgo" price="613.65" seller="Ann Stevens"/>
    <product name="Diastat" price="614.14" seller="Kathy Gilbert"/>
    <product name="No7 Protect and Perfect Foundation Sunscreen Broad Spectrum SPF 15 Cool Ivory" price="616.19" seller="Wanda Harris"/>
    <product name="Glipizide" price="621.78" seller="Jonathan Rodriguez"/>
    <product name="AMARANTHUS PALMERI POLLEN" price="623.16" seller="Joshua Murray"/>
    <product name="Foaming Hand Sanitizer" price="624.72" seller="null Stewart"/>
    <product name="ziprasidone hydrochloride" price="628.66" seller="Patricia Fuller"/>
    <product name="AVANDAMET" price="632.08" seller="null Stewart"/>
    <product name="Imipramine Hydrochloride" price="648.69" seller="Jennifer Riley"/>
    <product name="Childrens Allegra Allergy" price="650.97" seller="Sandra Riley"/>
    <product name="Strattera" price="658.54" seller="Carl Daniels"/>
    <product name="Amitiza" price="666.58" seller="Anna Clark"/>
    <product name="ENBREL" price="673.97" seller="null Moreno"/>
    <product name="Ampicillin" price="674.63" seller="Jeremy Woods"/>
    <product name="PRIMAXIN" price="686.66" seller="Fred Barnes"/>
    <product name="CLARINS Ever Matte SPF 15 - 105 Nude" price="696.06" seller="Anna Parker"/>
</products>
