<?xml version="1.0" encoding="UTF-8" standalone="yes"?>
<users count="108">
    <user first-name="Bonnie" last-name="Fox" age="18">
        <sold-products count="0"/>
    </user>
    <user first-name="Clarence" last-name="Fowler" age="50">
        <sold-products count="0"/>
    </user>
    <user last-name="Thompson" age="46">
        <sold-products count="0"/>
    </user>
    <user last-name="Cunningham" age="0">
        <sold-products count="0"/>
    </user>
    <user first-name="Patrick" last-name="King" age="0">
        <sold-products count="0"/>
    </user>
    <user first-name="Thomas" last-name="Snyder" age="40">
        <sold-products count="0"/>
    </user>
    <user first-name="Patrick" last-name="King" age="0">
        <sold-products count="0"/>
    </user>
    <user first-name="Arthur" last-name="Reynolds" age="32">
        <sold-products count="0"/>
    </user>
    <user first-name="Billy" last-name="Parker" age="68">
        <sold-products count="0"/>
    </user>
    <user first-name="Carl" last-name="Daniels" age="59">
        <sold-products count="0"/>
    </user>
    <user first-name="Brandon" last-name="Fuller" age="30">
        <sold-products count="0"/>
    </user>
    <user first-name="Patricia" last-name="Cooper" age="72">
        <sold-products count="0"/>
    </user>
    <user first-name="Sarah" last-name="Day" age="33">
        <sold-products count="0"/>
    </user>
    <user first-name="Brenda" last-name="Howell" age="75">
        <sold-products count="0"/>
    </user>
    <user last-name="Baker" age="0">
        <sold-products count="0"/>
    </user>
    <user first-name="Jonathan" last-name="Rodriguez" age="0">
        <sold-products count="0"/>
    </user>
    <user first-name="Gary" last-name="Stevens" age="0">
        <sold-products count="0"/>
    </user>
    <user last-name="Cunningham" age="0">
        <sold-products count="0"/>
    </user>
    <user first-name="Chris" last-name="Mitchell" age="59">
        <sold-products count="0"/>
    </user>
    <user first-name="Gary" last-name="Stevens" age="0">
        <sold-products count="0"/>
    </user>
    <user first-name="Amanda" last-name="Frazier" age="0">
        <sold-products count="0"/>
    </user>
    <user first-name="Chris" last-name="Mitchell" age="59">
        <sold-products count="0"/>
    </user>
    <user first-name="Billy" last-name="Parker" age="68">
        <sold-products count="0"/>
    </user>
    <user first-name="Joshua" last-name="Murray" age="41">
        <sold-products count="0"/>
    </user>
    <user first-name="Nicole" last-name="Martinez" age="28">
        <sold-products count="0"/>
    </user>
    <user first-name="Brenda" last-name="Howell" age="75">
        <sold-products count="0"/>
    </user>
    <user first-name="Benjamin" last-name="Henry" age="63">
        <sold-products count="0"/>
    </user>
    <user first-name="Wanda" last-name="Harris" age="26">
        <sold-products count="0"/>
    </user>
    <user first-name="Paula" last-name="Hill" age="74">
        <sold-products count="0"/>
    </user>
    <user first-name="Christina" last-name="Patterson" age="63">
        <sold-products count="0"/>
    </user>
    <user last-name="Bennett" age="0">
        <sold-products count="0"/>
    </user>
    <user first-name="Arthur" last-name="Reynolds" age="32">
        <sold-products count="0"/>
    </user>
    <user first-name="Arthur" last-name="Reynolds" age="32">
        <sold-products count="0"/>
    </user>
    <user first-name="Jacqueline" last-name="Perez" age="25">
        <sold-products count="0"/>
    </user>
    <user first-name="Nicole" last-name="Harris" age="43">
        <sold-products count="0"/>
    </user>
    <user first-name="Gary" last-name="Stevens" age="0">
        <sold-products count="0"/>
    </user>
    <user first-name="Amanda" last-name="Frazier" age="0">
        <sold-products count="0"/>
    </user>
    <user first-name="Patrick" last-name="King" age="0">
        <sold-products count="0"/>
    </user>
    <user first-name="Betty" last-name="Ward" age="70">
        <sold-products count="0"/>
    </user>
    <user last-name="Fox" age="68">
        <sold-products count="0"/>
    </user>
    <user first-name="Paula" last-name="Hill" age="74">
        <sold-products count="0"/>
    </user>
    <user first-name="Christina" last-name="Patterson" age="63">
        <sold-products count="0"/>
    </user>
    <user first-name="Brenda" last-name="Howell" age="75">
        <sold-products count="0"/>
    </user>
    <user last-name="Harrison" age="18">
        <sold-products count="0"/>
    </user>
    <user first-name="Jean" last-name="Henry" age="0">
        <sold-products count="0"/>
    </user>
    <user first-name="Joshua" last-name="Murray" age="41">
        <sold-products count="0"/>
    </user>
    <user first-name="Betty" last-name="Lawson" age="38">
        <sold-products count="0"/>
    </user>
    <user last-name="Fox" age="68">
        <sold-products count="0"/>
    </user>
    <user first-name="Fred" last-name="Allen" age="57">
        <sold-products count="0"/>
    </user>
    <user first-name="Rachel" last-name="Johnson" age="24">
        <sold-products count="0"/>
    </user>
    <user first-name="Doris" last-name="Cook" age="61">
        <sold-products count="0"/>
    </user>
    <user first-name="Brenda" last-name="Howell" age="75">
        <sold-products count="0"/>
    </user>
    <user first-name="Brenda" last-name="Howell" age="75">
        <sold-products count="0"/>
    </user>
    <user first-name="Fred" last-name="Barnes" age="0">
        <sold-products count="0"/>
    </user>
    <user first-name="Christina" last-name="Patterson" age="63">
        <sold-products count="0"/>
    </user>
    <user first-name="Brandon" last-name="Fuller" age="30">
        <sold-products count="0"/>
    </user>
    <user last-name="Harrison" age="18">
        <sold-products count="0"/>
    </user>
    <user first-name="Nicole" last-name="Martinez" age="28">
        <sold-products count="0"/>
    </user>
    <user last-name="Stewart" age="39">
        <sold-products count="0"/>
    </user>
    <user last-name="Harrison" age="18">
        <sold-products count="0"/>
    </user>
    <user first-name="Nicole" last-name="Martinez" age="28">
        <sold-products count="0"/>
    </user>
    <user first-name="Carl" last-name="Daniels" age="59">
        <sold-products count="0"/>
    </user>
    <user first-name="Rachel" last-name="Johnson" age="24">
        <sold-products count="0"/>
    </user>
    <user first-name="Brenda" last-name="Howell" age="75">
        <sold-products count="0"/>
    </user>
    <user first-name="Gloria" last-name="Alexander" age="61">
        <sold-products count="0"/>
    </user>
    <user last-name="Schmidt" age="70">
        <sold-products count="0"/>
    </user>
    <user first-name="Kathy" last-name="Gilbert" age="51">
        <sold-products count="0"/>
    </user>
    <user first-name="Patricia" last-name="Cooper" age="72">
        <sold-products count="0"/>
    </user>
    <user first-name="Thomas" last-name="Snyder" age="40">
        <sold-products count="0"/>
    </user>
    <user first-name="Christina" last-name="Patterson" age="63">
        <sold-products count="0"/>
    </user>
    <user first-name="Diana" last-name="Harvey" age="46">
        <sold-products count="0"/>
    </user>
    <user first-name="Anna" last-name="Parker" age="56">
        <sold-products count="0"/>
    </user>
    <user last-name="Mitchell" age="41">
        <sold-products count="0"/>
    </user>
    <user first-name="Jeremy" last-name="Woods" age="20">
        <sold-products count="0"/>
    </user>
    <user first-name="Ann" last-name="Stevens" age="0">
        <sold-products count="0"/>
    </user>
    <user first-name="Betty" last-name="Ward" age="70">
        <sold-products count="0"/>
    </user>
    <user first-name="Nicole" last-name="Martinez" age="28">
        <sold-products count="0"/>
    </user>
    <user first-name="Jennifer" last-name="Riley" age="0">
        <sold-products count="0"/>
    </user>
    <user first-name="Sarah" last-name="Day" age="33">
        <sold-products count="0"/>
    </user>
    <user first-name="Brenda" last-name="Howell" age="75">
        <sold-products count="0"/>
    </user>
    <user first-name="Carl" last-name="Daniels" age="59">
        <sold-products count="0"/>
    </user>
    <user first-name="Jennifer" last-name="Riley" age="0">
        <sold-products count="0"/>
    </user>
    <user first-name="Brandon" last-name="Fuller" age="30">
        <sold-products count="0"/>
    </user>
    <user first-name="Jacqueline" last-name="Perez" age="25">
        <sold-products count="0"/>
    </user>
    <user first-name="Betty" last-name="Lawson" age="38">
        <sold-products count="0"/>
    </user>
    <user first-name="Ann" last-name="Stevens" age="0">
        <sold-products count="0"/>
    </user>
    <user first-name="Marie" last-name="Williamson" age="0">
        <sold-products count="0"/>
    </user>
    <user last-name="Thompson" age="46">
        <sold-products count="0"/>
    </user>
    <user first-name="Anna" last-name="Clark" age="41">
        <sold-products count="0"/>
    </user>
    <user first-name="Patrick" last-name="King" age="0">
        <sold-products count="0"/>
    </user>
    <user first-name="Benjamin" last-name="Henry" age="63">
        <sold-products count="0"/>
    </user>
    <user first-name="Nicole" last-name="Martinez" age="28">
        <sold-products count="0"/>
    </user>
    <user first-name="Carl" last-name="Daniels" age="59">
        <sold-products count="0"/>
    </user>
    <user last-name="Bennett" age="0">
        <sold-products count="0"/>
    </user>
    <user last-name="Thompson" age="46">
        <sold-products count="0"/>
    </user>
    <user first-name="Sarah" last-name="Day" age="33">
        <sold-products count="0"/>
    </user>
    <user first-name="Fred" last-name="Barnes" age="0">
        <sold-products count="0"/>
    </user>
    <user first-name="Patricia" last-name="Fuller" age="36">
        <sold-products count="0"/>
    </user>
    <user first-name="Jeremy" last-name="Woods" age="20">
        <sold-products count="0"/>
    </user>
    <user first-name="Thomas" last-name="Snyder" age="40">
        <sold-products count="0"/>
    </user>
    <user first-name="Jennifer" last-name="Riley" age="0">
        <sold-products count="0"/>
    </user>
    <user first-name="Anna" last-name="Parker" age="56">
        <sold-products count="0"/>
    </user>
    <user first-name="Betty" last-name="Lawson" age="38">
        <sold-products count="0"/>
    </user>
    <user first-name="Bonnie" last-name="Fox" age="18">
        <sold-products count="0"/>
    </user>
    <user first-name="Kathy" last-name="Gilbert" age="51">
        <sold-products count="0"/>
    </user>
    <user first-name="Patrick" last-name="King" age="0">
        <sold-products count="0"/>
    </user>
    <user first-name="Betty" last-name="Lawson" age="38">
        <sold-products count="0"/>
    </user>
    <user first-name="Brenda" last-name="Howell" age="75">
        <sold-products count="0"/>
    </user>
</users>
