<?xml version="1.0" encoding="UTF-8" standalone="yes"?>
<users>
    <user first-name="Bonnie" last-name="Fox">
        <sold-products>
            <product>
                <name>Zonisamide</name>
                <price>1305.41</price>
                <buyer-first-name>Bonnie</buyer-first-name>
                <buyer-last-name>Fox</buyer-last-name>
            </product>
        </sold-products>
    </user>
    <user first-name="Clarence" last-name="Fowler">
        <sold-products>
            <product>
                <name>EPZICOM</name>
                <price>895.65</price>
                <buyer-first-name>Clarence</buyer-first-name>
                <buyer-last-name>Fowler</buyer-last-name>
            </product>
        </sold-products>
    </user>
    <user last-name="Thompson">
        <sold-products>
            <product>
                <name>Head and Shoulders Conditioner</name>
                <price>1099.59</price>
                <buyer-last-name>Thompson</buyer-last-name>
            </product>
            <product>
                <name>Megestrol Acetate</name>
                <price>976.15</price>
                <buyer-last-name>Thompson</buyer-last-name>
            </product>
            <product>
                <name>DIPYRIDAMOLE</name>
                <price>1150.67</price>
                <buyer-last-name>Thompson</buyer-last-name>
            </product>
            <product>
                <name>Warfarin Sodium</name>
                <price>1379.79</price>
                <buyer-last-name>Thompson</buyer-last-name>
            </product>
        </sold-products>
    </user>
    <user last-name="Cunningham">
        <sold-products>
            <product>
                <name>Budpak Hemorrhoid Anesthetic</name>
                <price>1499.29</price>
                <buyer-last-name>Cunningham</buyer-last-name>
            </product>
            <product>
                <name>VITALUMIERE AQUA</name>
                <price>1293.09</price>
                <buyer-last-name>Cunningham</buyer-last-name>
            </product>
        </sold-products>
    </user>
    <user first-name="Patrick" last-name="King">
        <sold-products>
            <product>
                <name>Treatment Set TS336667</name>
                <price>1466.47</price>
                <buyer-first-name>Patrick</buyer-first-name>
                <buyer-last-name>King</buyer-last-name>
            </product>
            <product>
                <name>Glycopyrrolate</name>
                <price>1471.43</price>
                <buyer-first-name>Patrick</buyer-first-name>
                <buyer-last-name>King</buyer-last-name>
            </product>
            <product>
                <name>Americaine</name>
                <price>1165.75</price>
                <buyer-first-name>Patrick</buyer-first-name>
                <buyer-last-name>King</buyer-last-name>
            </product>
            <product>
                <name>Nighttime Sleep Aid</name>
                <price>1217.11</price>
                <buyer-first-name>Patrick</buyer-first-name>
                <buyer-last-name>King</buyer-last-name>
            </product>
        </sold-products>
    </user>
    <user first-name="Thomas" last-name="Snyder">
        <sold-products>
            <product>
                <name>cough and sore throat</name>
                <price>1482.68</price>
                <buyer-first-name>Thomas</buyer-first-name>
                <buyer-last-name>Snyder</buyer-last-name>
            </product>
            <product>
                <name>Acetic Acid</name>
                <price>1060.43</price>
                <buyer-first-name>Thomas</buyer-first-name>
                <buyer-last-name>Snyder</buyer-last-name>
            </product>
            <product>
                <name>Topical 60 Sec Sodium Fluoride</name>
                <price>1228.84</price>
                <buyer-first-name>Thomas</buyer-first-name>
                <buyer-last-name>Snyder</buyer-last-name>
            </product>
        </sold-products>
    </user>
    <user first-name="Patrick" last-name="King">
        <sold-products>
            <product>
                <name>Treatment Set TS336667</name>
                <price>1466.47</price>
                <buyer-first-name>Patrick</buyer-first-name>
                <buyer-last-name>King</buyer-last-name>
            </product>
            <product>
                <name>Glycopyrrolate</name>
                <price>1471.43</price>
                <buyer-first-name>Patrick</buyer-first-name>
                <buyer-last-name>King</buyer-last-name>
            </product>
            <product>
                <name>Americaine</name>
                <price>1165.75</price>
                <buyer-first-name>Patrick</buyer-first-name>
                <buyer-last-name>King</buyer-last-name>
            </product>
            <product>
                <name>Nighttime Sleep Aid</name>
                <price>1217.11</price>
                <buyer-first-name>Patrick</buyer-first-name>
                <buyer-last-name>King</buyer-last-name>
            </product>
        </sold-products>
    </user>
    <user first-name="Arthur" last-name="Reynolds">
        <sold-products>
            <product>
                <name>Shopko Lip Treatment</name>
                <price>861.42</price>
                <buyer-first-name>Arthur</buyer-first-name>
                <buyer-last-name>Reynolds</buyer-last-name>
            </product>
            <product>
                <name>PREMIER VALUE ALLERGY</name>
                <price>1127.61</price>
                <buyer-first-name>Arthur</buyer-first-name>
                <buyer-last-name>Reynolds</buyer-last-name>
            </product>
        </sold-products>
    </user>
    <user first-name="Billy" last-name="Parker">
        <sold-products>
            <product>
                <name>Labetalol Hydrochloride</name>
                <price>1345.11</price>
                <buyer-first-name>Billy</buyer-first-name>
                <buyer-last-name>Parker</buyer-last-name>
            </product>
            <product>
                <name>Growing Pains</name>
                <price>1077.37</price>
                <buyer-first-name>Billy</buyer-first-name>
                <buyer-last-name>Parker</buyer-last-name>
            </product>
        </sold-products>
    </user>
    <user first-name="Carl" last-name="Daniels">
        <sold-products/>
    </user>
    <user first-name="Brandon" last-name="Fuller">
        <sold-products>
            <product>
                <name>ESIKA</name>
                <price>879.37</price>
                <buyer-first-name>Brandon</buyer-first-name>
                <buyer-last-name>Fuller</buyer-last-name>
            </product>
            <product>
                <name>MEDICATED DANDRUFF</name>
                <price>1351.02</price>
                <buyer-first-name>Brandon</buyer-first-name>
                <buyer-last-name>Fuller</buyer-last-name>
            </product>
        </sold-products>
    </user>
    <user first-name="Patricia" last-name="Cooper">
        <sold-products>
            <product>
                <name>Prednisone</name>
                <price>1285.99</price>
                <buyer-first-name>Patricia</buyer-first-name>
                <buyer-last-name>Cooper</buyer-last-name>
            </product>
        </sold-products>
    </user>
    <user first-name="Sarah" last-name="Day">
        <sold-products>
            <product>
                <name>Retin-A MICRO</name>
                <price>995.98</price>
                <buyer-first-name>Sarah</buyer-first-name>
                <buyer-last-name>Day</buyer-last-name>
            </product>
            <product>
                <name>Butalbital, Aspirin and Caffeine</name>
                <price>1010.98</price>
                <buyer-first-name>Sarah</buyer-first-name>
                <buyer-last-name>Day</buyer-last-name>
            </product>
            <product>
                <name>Archangelica Eucalyptus</name>
                <price>1334.91</price>
                <buyer-first-name>Sarah</buyer-first-name>
                <buyer-last-name>Day</buyer-last-name>
            </product>
            <product>
                <name>leader pain reliever</name>
                <price>1179.79</price>
                <buyer-first-name>Sarah</buyer-first-name>
                <buyer-last-name>Day</buyer-last-name>
            </product>
        </sold-products>
    </user>
    <user first-name="Brenda" last-name="Howell">
        <sold-products>
            <product>
                <name>CALMING DIAPER RASH</name>
                <price>700.92</price>
                <buyer-first-name>Brenda</buyer-first-name>
                <buyer-last-name>Howell</buyer-last-name>
            </product>
        </sold-products>
    </user>
    <user last-name="Baker">
        <sold-products>
            <product>
                <name>Aspergillus repens</name>
                <price>1231.42</price>
                <buyer-last-name>Baker</buyer-last-name>
            </product>
            <product>
                <name>Spironolactone</name>
                <price>933.69</price>
                <buyer-last-name>Baker</buyer-last-name>
            </product>
            <product>
                <name>Homeopathic Rheumatism</name>
                <price>967.08</price>
                <buyer-last-name>Baker</buyer-last-name>
            </product>
        </sold-products>
    </user>
    <user first-name="Jonathan" last-name="Rodriguez">
        <sold-products>
            <product>
                <name>TYLENOL COLD MULTI-SYMPTOM DAYTIME</name>
                <price>1010.81</price>
                <buyer-first-name>Jonathan</buyer-first-name>
                <buyer-last-name>Rodriguez</buyer-last-name>
            </product>
            <product>
                <name>Perrigo Benzoyl Peroxide</name>
                <price>873.24</price>
                <buyer-first-name>Jonathan</buyer-first-name>
                <buyer-last-name>Rodriguez</buyer-last-name>
            </product>
        </sold-products>
    </user>
    <user first-name="Gary" last-name="Stevens">
        <sold-products>
            <product>
                <name>Warfarin Sodium</name>
                <price>770.05</price>
                <buyer-first-name>Gary</buyer-first-name>
                <buyer-last-name>Stevens</buyer-last-name>
            </product>
            <product>
                <name>Triamterene and Hydrochlorothiazide</name>
                <price>1416.59</price>
                <buyer-first-name>Gary</buyer-first-name>
                <buyer-last-name>Stevens</buyer-last-name>
            </product>
            <product>
                <name>Lorazepam</name>
                <price>1134.96</price>
                <buyer-first-name>Gary</buyer-first-name>
                <buyer-last-name>Stevens</buyer-last-name>
            </product>
        </sold-products>
    </user>
    <user last-name="Cunningham">
        <sold-products>
            <product>
                <name>Budpak Hemorrhoid Anesthetic</name>
                <price>1499.29</price>
                <buyer-last-name>Cunningham</buyer-last-name>
            </product>
            <product>
                <name>VITALUMIERE AQUA</name>
                <price>1293.09</price>
                <buyer-last-name>Cunningham</buyer-last-name>
            </product>
        </sold-products>
    </user>
    <user first-name="Chris" last-name="Mitchell">
        <sold-products>
            <product>
                <name>Fosphenytoin Sodium</name>
                <price>1334.06</price>
                <buyer-first-name>Chris</buyer-first-name>
                <buyer-last-name>Mitchell</buyer-last-name>
            </product>
            <product>
                <name>Aspen</name>
                <price>1046.46</price>
                <buyer-first-name>Chris</buyer-first-name>
                <buyer-last-name>Mitchell</buyer-last-name>
            </product>
            <product>
                <name>Acid Reducer</name>
                <price>1443.51</price>
                <buyer-first-name>Chris</buyer-first-name>
                <buyer-last-name>Mitchell</buyer-last-name>
            </product>
            <product>
                <name>Benazepril Hydrochloride and Hydrochlorothiazide</name>
                <price>1187.27</price>
                <buyer-first-name>Chris</buyer-first-name>
                <buyer-last-name>Mitchell</buyer-last-name>
            </product>
        </sold-products>
    </user>
    <user first-name="Gary" last-name="Stevens">
        <sold-products>
            <product>
                <name>Warfarin Sodium</name>
                <price>770.05</price>
                <buyer-first-name>Gary</buyer-first-name>
                <buyer-last-name>Stevens</buyer-last-name>
            </product>
            <product>
                <name>Triamterene and Hydrochlorothiazide</name>
                <price>1416.59</price>
                <buyer-first-name>Gary</buyer-first-name>
                <buyer-last-name>Stevens</buyer-last-name>
            </product>
            <product>
                <name>Lorazepam</name>
                <price>1134.96</price>
                <buyer-first-name>Gary</buyer-first-name>
                <buyer-last-name>Stevens</buyer-last-name>
            </product>
        </sold-products>
    </user>
    <user first-name="Amanda" last-name="Frazier">
        <sold-products>
            <product>
                <name>Laser Block 100</name>
                <price>1135.43</price>
                <buyer-first-name>Amanda</buyer-first-name>
                <buyer-last-name>Frazier</buyer-last-name>
            </product>
        </sold-products>
    </user>
    <user first-name="Chris" last-name="Mitchell">
        <sold-products>
            <product>
                <name>Fosphenytoin Sodium</name>
                <price>1334.06</price>
                <buyer-first-name>Chris</buyer-first-name>
                <buyer-last-name>Mitchell</buyer-last-name>
            </product>
            <product>
                <name>Aspen</name>
                <price>1046.46</price>
                <buyer-first-name>Chris</buyer-first-name>
                <buyer-last-name>Mitchell</buyer-last-name>
            </product>
            <product>
                <name>Acid Reducer</name>
                <price>1443.51</price>
                <buyer-first-name>Chris</buyer-first-name>
                <buyer-last-name>Mitchell</buyer-last-name>
            </product>
            <product>
                <name>Benazepril Hydrochloride and Hydrochlorothiazide</name>
                <price>1187.27</price>
                <buyer-first-name>Chris</buyer-first-name>
                <buyer-last-name>Mitchell</buyer-last-name>
            </product>
        </sold-products>
    </user>
    <user first-name="Billy" last-name="Parker">
        <sold-products>
            <product>
                <name>Labetalol Hydrochloride</name>
                <price>1345.11</price>
                <buyer-first-name>Billy</buyer-first-name>
                <buyer-last-name>Parker</buyer-last-name>
            </product>
            <product>
                <name>Growing Pains</name>
                <price>1077.37</price>
                <buyer-first-name>Billy</buyer-first-name>
                <buyer-last-name>Parker</buyer-last-name>
            </product>
        </sold-products>
    </user>
    <user first-name="Joshua" last-name="Murray">
        <sold-products>
            <product>
                <name>Pollens - Trees, Birch Mix</name>
                <price>1153.54</price>
                <buyer-first-name>Joshua</buyer-first-name>
                <buyer-last-name>Murray</buyer-last-name>
            </product>
        </sold-products>
    </user>
    <user first-name="Nicole" last-name="Martinez">
        <sold-products>
            <product>
                <name>Finasteride</name>
                <price>1374.01</price>
                <buyer-first-name>Nicole</buyer-first-name>
                <buyer-last-name>Martinez</buyer-last-name>
            </product>
        </sold-products>
    </user>
    <user first-name="Brenda" last-name="Howell">
        <sold-products>
            <product>
                <name>CALMING DIAPER RASH</name>
                <price>700.92</price>
                <buyer-first-name>Brenda</buyer-first-name>
                <buyer-last-name>Howell</buyer-last-name>
            </product>
        </sold-products>
    </user>
    <user first-name="Benjamin" last-name="Henry">
        <sold-products>
            <product>
                <name>Aquafresh</name>
                <price>849.93</price>
                <buyer-first-name>Benjamin</buyer-first-name>
                <buyer-last-name>Henry</buyer-last-name>
            </product>
            <product>
                <name>ESIKA 3-IN-1 PRO MAKE UP FOUNDATION SPF 20 BASE DE MAQUILLAJE PARA ROSTRO 3-EN-1 PRO FPS 20</name>
                <price>1097.6</price>
                <buyer-first-name>Benjamin</buyer-first-name>
                <buyer-last-name>Henry</buyer-last-name>
            </product>
        </sold-products>
    </user>
    <user first-name="Wanda" last-name="Harris">
        <sold-products>
            <product>
                <name>Wintergreen Isopropyl Alcohol</name>
                <price>1397.57</price>
                <buyer-first-name>Wanda</buyer-first-name>
                <buyer-last-name>Harris</buyer-last-name>
            </product>
        </sold-products>
    </user>
    <user first-name="Paula" last-name="Hill">
        <sold-products>
            <product>
                <name>Oxygen</name>
                <price>1242.92</price>
                <buyer-first-name>Paula</buyer-first-name>
                <buyer-last-name>Hill</buyer-last-name>
            </product>
            <product>
                <name>SEPHORA Acne-Fighting Mattifying Moisturizer</name>
                <price>1019.28</price>
                <buyer-first-name>Paula</buyer-first-name>
                <buyer-last-name>Hill</buyer-last-name>
            </product>
            <product>
                <name>Smooth texture Orange flavor</name>
                <price>976.65</price>
                <buyer-first-name>Paula</buyer-first-name>
                <buyer-last-name>Hill</buyer-last-name>
            </product>
        </sold-products>
    </user>
    <user first-name="Christina" last-name="Patterson">
        <sold-products>
            <product>
                <name>Flumazenil</name>
                <price>1151.37</price>
                <buyer-first-name>Christina</buyer-first-name>
                <buyer-last-name>Patterson</buyer-last-name>
            </product>
            <product>
                <name>smart sense nighttime cold and flu relief</name>
                <price>1101.77</price>
                <buyer-first-name>Christina</buyer-first-name>
                <buyer-last-name>Patterson</buyer-last-name>
            </product>
            <product>
                <name>RESCRIPTOR</name>
                <price>850.52</price>
                <buyer-first-name>Christina</buyer-first-name>
                <buyer-last-name>Patterson</buyer-last-name>
            </product>
            <product>
                <name>smart sense nicotine</name>
                <price>1444.12</price>
                <buyer-first-name>Christina</buyer-first-name>
                <buyer-last-name>Patterson</buyer-last-name>
            </product>
        </sold-products>
    </user>
    <user last-name="Bennett">
        <sold-products>
            <product>
                <name>Acetaminophen, Chlorpheniramine Maleate, Dextromethorphan Hydrobromide, Phenylephrine Hydrochloride</name>
                <price>1028.27</price>
                <buyer-last-name>Bennett</buyer-last-name>
            </product>
        </sold-products>
    </user>
    <user first-name="Arthur" last-name="Reynolds">
        <sold-products>
            <product>
                <name>Shopko Lip Treatment</name>
                <price>861.42</price>
                <buyer-first-name>Arthur</buyer-first-name>
                <buyer-last-name>Reynolds</buyer-last-name>
            </product>
            <product>
                <name>PREMIER VALUE ALLERGY</name>
                <price>1127.61</price>
                <buyer-first-name>Arthur</buyer-first-name>
                <buyer-last-name>Reynolds</buyer-last-name>
            </product>
        </sold-products>
    </user>
    <user first-name="Arthur" last-name="Reynolds">
        <sold-products>
            <product>
                <name>Shopko Lip Treatment</name>
                <price>861.42</price>
                <buyer-first-name>Arthur</buyer-first-name>
                <buyer-last-name>Reynolds</buyer-last-name>
            </product>
            <product>
                <name>PREMIER VALUE ALLERGY</name>
                <price>1127.61</price>
                <buyer-first-name>Arthur</buyer-first-name>
                <buyer-last-name>Reynolds</buyer-last-name>
            </product>
        </sold-products>
    </user>
    <user first-name="Jacqueline" last-name="Perez">
        <sold-products>
            <product>
                <name>Baza Antifungal</name>
                <price>1162.34</price>
                <buyer-first-name>Jacqueline</buyer-first-name>
                <buyer-last-name>Perez</buyer-last-name>
            </product>
        </sold-products>
    </user>
    <user first-name="Nicole" last-name="Harris">
        <sold-products/>
    </user>
    <user first-name="Gary" last-name="Stevens">
        <sold-products>
            <product>
                <name>Warfarin Sodium</name>
                <price>770.05</price>
                <buyer-first-name>Gary</buyer-first-name>
                <buyer-last-name>Stevens</buyer-last-name>
            </product>
            <product>
                <name>Triamterene and Hydrochlorothiazide</name>
                <price>1416.59</price>
                <buyer-first-name>Gary</buyer-first-name>
                <buyer-last-name>Stevens</buyer-last-name>
            </product>
            <product>
                <name>Lorazepam</name>
                <price>1134.96</price>
                <buyer-first-name>Gary</buyer-first-name>
                <buyer-last-name>Stevens</buyer-last-name>
            </product>
        </sold-products>
    </user>
    <user first-name="Amanda" last-name="Frazier">
        <sold-products>
            <product>
                <name>Laser Block 100</name>
                <price>1135.43</price>
                <buyer-first-name>Amanda</buyer-first-name>
                <buyer-last-name>Frazier</buyer-last-name>
            </product>
        </sold-products>
    </user>
    <user first-name="Patrick" last-name="King">
        <sold-products>
            <product>
                <name>Treatment Set TS336667</name>
                <price>1466.47</price>
                <buyer-first-name>Patrick</buyer-first-name>
                <buyer-last-name>King</buyer-last-name>
            </product>
            <product>
                <name>Glycopyrrolate</name>
                <price>1471.43</price>
                <buyer-first-name>Patrick</buyer-first-name>
                <buyer-last-name>King</buyer-last-name>
            </product>
            <product>
                <name>Americaine</name>
                <price>1165.75</price>
                <buyer-first-name>Patrick</buyer-first-name>
                <buyer-last-name>King</buyer-last-name>
            </product>
            <product>
                <name>Nighttime Sleep Aid</name>
                <price>1217.11</price>
                <buyer-first-name>Patrick</buyer-first-name>
                <buyer-last-name>King</buyer-last-name>
            </product>
        </sold-products>
    </user>
    <user first-name="Betty" last-name="Ward">
        <sold-products>
            <product>
                <name>IOPE RETIGEN MOISTURE TWIN CAKE NO.21</name>
                <price>1257.71</price>
                <buyer-first-name>Betty</buyer-first-name>
                <buyer-last-name>Ward</buyer-last-name>
            </product>
        </sold-products>
    </user>
    <user last-name="Fox">
        <sold-products>
            <product>
                <name>Ibuprofen</name>
                <price>1305.96</price>
                <buyer-last-name>Fox</buyer-last-name>
            </product>
        </sold-products>
    </user>
    <user first-name="Paula" last-name="Hill">
        <sold-products>
            <product>
                <name>Oxygen</name>
                <price>1242.92</price>
                <buyer-first-name>Paula</buyer-first-name>
                <buyer-last-name>Hill</buyer-last-name>
            </product>
            <product>
                <name>SEPHORA Acne-Fighting Mattifying Moisturizer</name>
                <price>1019.28</price>
                <buyer-first-name>Paula</buyer-first-name>
                <buyer-last-name>Hill</buyer-last-name>
            </product>
            <product>
                <name>Smooth texture Orange flavor</name>
                <price>976.65</price>
                <buyer-first-name>Paula</buyer-first-name>
                <buyer-last-name>Hill</buyer-last-name>
            </product>
        </sold-products>
    </user>
    <user first-name="Christina" last-name="Patterson">
        <sold-products>
            <product>
                <name>Flumazenil</name>
                <price>1151.37</price>
                <buyer-first-name>Christina</buyer-first-name>
                <buyer-last-name>Patterson</buyer-last-name>
            </product>
            <product>
                <name>smart sense nighttime cold and flu relief</name>
                <price>1101.77</price>
                <buyer-first-name>Christina</buyer-first-name>
                <buyer-last-name>Patterson</buyer-last-name>
            </product>
            <product>
                <name>RESCRIPTOR</name>
                <price>850.52</price>
                <buyer-first-name>Christina</buyer-first-name>
                <buyer-last-name>Patterson</buyer-last-name>
            </product>
            <product>
                <name>smart sense nicotine</name>
                <price>1444.12</price>
                <buyer-first-name>Christina</buyer-first-name>
                <buyer-last-name>Patterson</buyer-last-name>
            </product>
        </sold-products>
    </user>
    <user first-name="Brenda" last-name="Howell">
        <sold-products>
            <product>
                <name>CALMING DIAPER RASH</name>
                <price>700.92</price>
                <buyer-first-name>Brenda</buyer-first-name>
                <buyer-last-name>Howell</buyer-last-name>
            </product>
        </sold-products>
    </user>
    <user last-name="Harrison">
        <sold-products>
            <product>
                <name>pain relief</name>
                <price>938.23</price>
                <buyer-last-name>Harrison</buyer-last-name>
            </product>
        </sold-products>
    </user>
    <user first-name="Jean" last-name="Henry">
        <sold-products>
            <product>
                <name>Amitriptyline Hydrochloride</name>
                <price>1453.96</price>
                <buyer-first-name>Jean</buyer-first-name>
                <buyer-last-name>Henry</buyer-last-name>
            </product>
            <product>
                <name>LV-FX</name>
                <price>820.87</price>
                <buyer-first-name>Jean</buyer-first-name>
                <buyer-last-name>Henry</buyer-last-name>
            </product>
        </sold-products>
    </user>
    <user first-name="Joshua" last-name="Murray">
        <sold-products>
            <product>
                <name>Pollens - Trees, Birch Mix</name>
                <price>1153.54</price>
                <buyer-first-name>Joshua</buyer-first-name>
                <buyer-last-name>Murray</buyer-last-name>
            </product>
        </sold-products>
    </user>
    <user first-name="Betty" last-name="Lawson">
        <sold-products/>
    </user>
    <user last-name="Fox">
        <sold-products>
            <product>
                <name>Ibuprofen</name>
                <price>1305.96</price>
                <buyer-last-name>Fox</buyer-last-name>
            </product>
        </sold-products>
    </user>
    <user first-name="Fred" last-name="Allen">
        <sold-products>
            <product>
                <name>CVS Therapeutic Menthol Pain Reliever</name>
                <price>1033.42</price>
                <buyer-first-name>Fred</buyer-first-name>
                <buyer-last-name>Allen</buyer-last-name>
            </product>
            <product>
                <name>EMEND</name>
                <price>1365.51</price>
                <buyer-first-name>Fred</buyer-first-name>
                <buyer-last-name>Allen</buyer-last-name>
            </product>
            <product>
                <name>Ibuprofen</name>
                <price>1088.04</price>
                <buyer-first-name>Fred</buyer-first-name>
                <buyer-last-name>Allen</buyer-last-name>
            </product>
        </sold-products>
    </user>
    <user first-name="Rachel" last-name="Johnson">
        <sold-products>
            <product>
                <name>Ringers</name>
                <price>1054.37</price>
                <buyer-first-name>Rachel</buyer-first-name>
                <buyer-last-name>Johnson</buyer-last-name>
            </product>
        </sold-products>
    </user>
    <user first-name="Doris" last-name="Cook">
        <sold-products>
            <product>
                <name>Ranitidine</name>
                <price>926.64</price>
                <buyer-first-name>Doris</buyer-first-name>
                <buyer-last-name>Cook</buyer-last-name>
            </product>
            <product>
                <name>PCA SKIN ACNE</name>
                <price>1356.22</price>
                <buyer-first-name>Doris</buyer-first-name>
                <buyer-last-name>Cook</buyer-last-name>
            </product>
            <product>
                <name>Pleo Lat</name>
                <price>720.08</price>
                <buyer-first-name>Doris</buyer-first-name>
                <buyer-last-name>Cook</buyer-last-name>
            </product>
        </sold-products>
    </user>
    <user first-name="Brenda" last-name="Howell">
        <sold-products>
            <product>
                <name>CALMING DIAPER RASH</name>
                <price>700.92</price>
                <buyer-first-name>Brenda</buyer-first-name>
                <buyer-last-name>Howell</buyer-last-name>
            </product>
        </sold-products>
    </user>
    <user first-name="Brenda" last-name="Howell">
        <sold-products>
            <product>
                <name>CALMING DIAPER RASH</name>
                <price>700.92</price>
                <buyer-first-name>Brenda</buyer-first-name>
                <buyer-last-name>Howell</buyer-last-name>
            </product>
        </sold-products>
    </user>
    <user first-name="Fred" last-name="Barnes">
        <sold-products>
            <product>
                <name>Etoposide</name>
                <price>1483.96</price>
                <buyer-first-name>Fred</buyer-first-name>
                <buyer-last-name>Barnes</buyer-last-name>
            </product>
        </sold-products>
    </user>
    <user first-name="Christina" last-name="Patterson">
        <sold-products>
            <product>
                <name>Flumazenil</name>
                <price>1151.37</price>
                <buyer-first-name>Christina</buyer-first-name>
                <buyer-last-name>Patterson</buyer-last-name>
            </product>
            <product>
                <name>smart sense nighttime cold and flu relief</name>
                <price>1101.77</price>
                <buyer-first-name>Christina</buyer-first-name>
                <buyer-last-name>Patterson</buyer-last-name>
            </product>
            <product>
                <name>RESCRIPTOR</name>
                <price>850.52</price>
                <buyer-first-name>Christina</buyer-first-name>
                <buyer-last-name>Patterson</buyer-last-name>
            </product>
            <product>
                <name>smart sense nicotine</name>
                <price>1444.12</price>
                <buyer-first-name>Christina</buyer-first-name>
                <buyer-last-name>Patterson</buyer-last-name>
            </product>
        </sold-products>
    </user>
    <user first-name="Brandon" last-name="Fuller">
        <sold-products>
            <product>
                <name>ESIKA</name>
                <price>879.37</price>
                <buyer-first-name>Brandon</buyer-first-name>
                <buyer-last-name>Fuller</buyer-last-name>
            </product>
            <product>
                <name>MEDICATED DANDRUFF</name>
                <price>1351.02</price>
                <buyer-first-name>Brandon</buyer-first-name>
                <buyer-last-name>Fuller</buyer-last-name>
            </product>
        </sold-products>
    </user>
    <user last-name="Harrison">
        <sold-products>
            <product>
                <name>pain relief</name>
                <price>938.23</price>
                <buyer-last-name>Harrison</buyer-last-name>
            </product>
        </sold-products>
    </user>
    <user first-name="Nicole" last-name="Martinez">
        <sold-products>
            <product>
                <name>Finasteride</name>
                <price>1374.01</price>
                <buyer-first-name>Nicole</buyer-first-name>
                <buyer-last-name>Martinez</buyer-last-name>
            </product>
        </sold-products>
    </user>
    <user last-name="Stewart">
        <sold-products>
            <product>
                <name>Glipizide and Metformin Hydrochloride</name>
                <price>953.6</price>
                <buyer-last-name>Stewart</buyer-last-name>
            </product>
        </sold-products>
    </user>
    <user last-name="Harrison">
        <sold-products>
            <product>
                <name>pain relief</name>
                <price>938.23</price>
                <buyer-last-name>Harrison</buyer-last-name>
            </product>
        </sold-products>
    </user>
    <user first-name="Nicole" last-name="Martinez">
        <sold-products>
            <product>
                <name>Finasteride</name>
                <price>1374.01</price>
                <buyer-first-name>Nicole</buyer-first-name>
                <buyer-last-name>Martinez</buyer-last-name>
            </product>
        </sold-products>
    </user>
    <user first-name="Carl" last-name="Daniels">
        <sold-products/>
    </user>
    <user first-name="Rachel" last-name="Johnson">
        <sold-products>
            <product>
                <name>Ringers</name>
                <price>1054.37</price>
                <buyer-first-name>Rachel</buyer-first-name>
                <buyer-last-name>Johnson</buyer-last-name>
            </product>
        </sold-products>
    </user>
    <user first-name="Brenda" last-name="Howell">
        <sold-products>
            <product>
                <name>CALMING DIAPER RASH</name>
                <price>700.92</price>
                <buyer-first-name>Brenda</buyer-first-name>
                <buyer-last-name>Howell</buyer-last-name>
            </product>
        </sold-products>
    </user>
    <user first-name="Gloria" last-name="Alexander">
        <sold-products>
            <product>
                <name>NEO-POLY-BAC HYDRO</name>
                <price>967.32</price>
                <buyer-first-name>Gloria</buyer-first-name>
                <buyer-last-name>Alexander</buyer-last-name>
            </product>
            <product>
                <name>MEDI-FIRST Non-Aspirin</name>
                <price>1301.28</price>
                <buyer-first-name>Gloria</buyer-first-name>
                <buyer-last-name>Alexander</buyer-last-name>
            </product>
        </sold-products>
    </user>
    <user last-name="Schmidt">
        <sold-products/>
    </user>
    <user first-name="Kathy" last-name="Gilbert">
        <sold-products>
            <product>
                <name>Clearskin</name>
                <price>968.59</price>
                <buyer-first-name>Kathy</buyer-first-name>
                <buyer-last-name>Gilbert</buyer-last-name>
            </product>
            <product>
                <name>Alcohol Free Antiseptic</name>
                <price>1486.07</price>
                <buyer-first-name>Kathy</buyer-first-name>
                <buyer-last-name>Gilbert</buyer-last-name>
            </product>
        </sold-products>
    </user>
    <user first-name="Patricia" last-name="Cooper">
        <sold-products>
            <product>
                <name>Prednisone</name>
                <price>1285.99</price>
                <buyer-first-name>Patricia</buyer-first-name>
                <buyer-last-name>Cooper</buyer-last-name>
            </product>
        </sold-products>
    </user>
    <user first-name="Thomas" last-name="Snyder">
        <sold-products>
            <product>
                <name>cough and sore throat</name>
                <price>1482.68</price>
                <buyer-first-name>Thomas</buyer-first-name>
                <buyer-last-name>Snyder</buyer-last-name>
            </product>
            <product>
                <name>Acetic Acid</name>
                <price>1060.43</price>
                <buyer-first-name>Thomas</buyer-first-name>
                <buyer-last-name>Snyder</buyer-last-name>
            </product>
            <product>
                <name>Topical 60 Sec Sodium Fluoride</name>
                <price>1228.84</price>
                <buyer-first-name>Thomas</buyer-first-name>
                <buyer-last-name>Snyder</buyer-last-name>
            </product>
        </sold-products>
    </user>
    <user first-name="Christina" last-name="Patterson">
        <sold-products>
            <product>
                <name>Flumazenil</name>
                <price>1151.37</price>
                <buyer-first-name>Christina</buyer-first-name>
                <buyer-last-name>Patterson</buyer-last-name>
            </product>
            <product>
                <name>smart sense nighttime cold and flu relief</name>
                <price>1101.77</price>
                <buyer-first-name>Christina</buyer-first-name>
                <buyer-last-name>Patterson</buyer-last-name>
            </product>
            <product>
                <name>RESCRIPTOR</name>
                <price>850.52</price>
                <buyer-first-name>Christina</buyer-first-name>
                <buyer-last-name>Patterson</buyer-last-name>
            </product>
            <product>
                <name>smart sense nicotine</name>
                <price>1444.12</price>
                <buyer-first-name>Christina</buyer-first-name>
                <buyer-last-name>Patterson</buyer-last-name>
            </product>
        </sold-products>
    </user>
    <user first-name="Diana" last-name="Harvey">
        <sold-products>
            <product>
                <name>Moore Medical Sinus Pain and Pressure Relief</name>
                <price>855.39</price>
                <buyer-first-name>Diana</buyer-first-name>
                <buyer-last-name>Harvey</buyer-last-name>
            </product>
            <product>
                <name>Hydralazine Hydrochloride</name>
                <price>1309.72</price>
                <buyer-first-name>Diana</buyer-first-name>
                <buyer-last-name>Harvey</buyer-last-name>
            </product>
            <product>
                <name>Pollens - Weeds and Garden Plants, Nettle Urtica dioica</name>
                <price>782.77</price>
                <buyer-first-name>Diana</buyer-first-name>
                <buyer-last-name>Harvey</buyer-last-name>
            </product>
        </sold-products>
    </user>
    <user first-name="Anna" last-name="Parker">
        <sold-products>
            <product>
                <name>Effervescent Cold Relief</name>
                <price>1436.07</price>
                <buyer-first-name>Anna</buyer-first-name>
                <buyer-last-name>Parker</buyer-last-name>
            </product>
            <product>
                <name>Metoprolol Tartrate</name>
                <price>1405.74</price>
                <buyer-first-name>Anna</buyer-first-name>
                <buyer-last-name>Parker</buyer-last-name>
            </product>
            <product>
                <name>Levothyroxine Sodium</name>
                <price>885.86</price>
                <buyer-first-name>Anna</buyer-first-name>
                <buyer-last-name>Parker</buyer-last-name>
            </product>
        </sold-products>
    </user>
    <user last-name="Mitchell">
        <sold-products>
            <product>
                <name>GOONG SECRET CALMING BATH</name>
                <price>742.47</price>
                <buyer-last-name>Mitchell</buyer-last-name>
            </product>
            <product>
                <name>Aspirin</name>
                <price>925.45</price>
                <buyer-last-name>Mitchell</buyer-last-name>
            </product>
        </sold-products>
    </user>
    <user first-name="Jeremy" last-name="Woods">
        <sold-products>
            <product>
                <name>Care One Hemorrhoidal</name>
                <price>932.18</price>
                <buyer-first-name>Jeremy</buyer-first-name>
                <buyer-last-name>Woods</buyer-last-name>
            </product>
            <product>
                <name>Etodolac</name>
                <price>1443.13</price>
                <buyer-first-name>Jeremy</buyer-first-name>
                <buyer-last-name>Woods</buyer-last-name>
            </product>
            <product>
                <name>Myristica Argentum Sinus Relief</name>
                <price>904.52</price>
                <buyer-first-name>Jeremy</buyer-first-name>
                <buyer-last-name>Woods</buyer-last-name>
            </product>
        </sold-products>
    </user>
    <user first-name="Ann" last-name="Stevens">
        <sold-products>
            <product>
                <name>Fair Foundation SPF 15</name>
                <price>1394.24</price>
                <buyer-first-name>Ann</buyer-first-name>
                <buyer-last-name>Stevens</buyer-last-name>
            </product>
            <product>
                <name>Naproxen</name>
                <price>807.22</price>
                <buyer-first-name>Ann</buyer-first-name>
                <buyer-last-name>Stevens</buyer-last-name>
            </product>
            <product>
                <name>SUMATRIPTAN SUCCINATE</name>
                <price>1265.94</price>
                <buyer-first-name>Ann</buyer-first-name>
                <buyer-last-name>Stevens</buyer-last-name>
            </product>
            <product>
                <name>Nevirapine</name>
                <price>1374.72</price>
                <buyer-first-name>Ann</buyer-first-name>
                <buyer-last-name>Stevens</buyer-last-name>
            </product>
        </sold-products>
    </user>
    <user first-name="Betty" last-name="Ward">
        <sold-products>
            <product>
                <name>IOPE RETIGEN MOISTURE TWIN CAKE NO.21</name>
                <price>1257.71</price>
                <buyer-first-name>Betty</buyer-first-name>
                <buyer-last-name>Ward</buyer-last-name>
            </product>
        </sold-products>
    </user>
    <user first-name="Nicole" last-name="Martinez">
        <sold-products>
            <product>
                <name>Finasteride</name>
                <price>1374.01</price>
                <buyer-first-name>Nicole</buyer-first-name>
                <buyer-last-name>Martinez</buyer-last-name>
            </product>
        </sold-products>
    </user>
    <user first-name="Jennifer" last-name="Riley">
        <sold-products>
            <product>
                <name>Ondansetron</name>
                <price>1249.76</price>
                <buyer-first-name>Jennifer</buyer-first-name>
                <buyer-last-name>Riley</buyer-last-name>
            </product>
        </sold-products>
    </user>
    <user first-name="Sarah" last-name="Day">
        <sold-products>
            <product>
                <name>Retin-A MICRO</name>
                <price>995.98</price>
                <buyer-first-name>Sarah</buyer-first-name>
                <buyer-last-name>Day</buyer-last-name>
            </product>
            <product>
                <name>Butalbital, Aspirin and Caffeine</name>
                <price>1010.98</price>
                <buyer-first-name>Sarah</buyer-first-name>
                <buyer-last-name>Day</buyer-last-name>
            </product>
            <product>
                <name>Archangelica Eucalyptus</name>
                <price>1334.91</price>
                <buyer-first-name>Sarah</buyer-first-name>
                <buyer-last-name>Day</buyer-last-name>
            </product>
            <product>
                <name>leader pain reliever</name>
                <price>1179.79</price>
                <buyer-first-name>Sarah</buyer-first-name>
                <buyer-last-name>Day</buyer-last-name>
            </product>
        </sold-products>
    </user>
    <user first-name="Brenda" last-name="Howell">
        <sold-products>
            <product>
                <name>CALMING DIAPER RASH</name>
                <price>700.92</price>
                <buyer-first-name>Brenda</buyer-first-name>
                <buyer-last-name>Howell</buyer-last-name>
            </product>
        </sold-products>
    </user>
    <user first-name="Carl" last-name="Daniels">
        <sold-products/>
    </user>
    <user first-name="Jennifer" last-name="Riley">
        <sold-products>
            <product>
                <name>Ondansetron</name>
                <price>1249.76</price>
                <buyer-first-name>Jennifer</buyer-first-name>
                <buyer-last-name>Riley</buyer-last-name>
            </product>
        </sold-products>
    </user>
    <user first-name="Brandon" last-name="Fuller">
        <sold-products>
            <product>
                <name>ESIKA</name>
                <price>879.37</price>
                <buyer-first-name>Brandon</buyer-first-name>
                <buyer-last-name>Fuller</buyer-last-name>
            </product>
            <product>
                <name>MEDICATED DANDRUFF</name>
                <price>1351.02</price>
                <buyer-first-name>Brandon</buyer-first-name>
                <buyer-last-name>Fuller</buyer-last-name>
            </product>
        </sold-products>
    </user>
    <user first-name="Jacqueline" last-name="Perez">
        <sold-products>
            <product>
                <name>Baza Antifungal</name>
                <price>1162.34</price>
                <buyer-first-name>Jacqueline</buyer-first-name>
                <buyer-last-name>Perez</buyer-last-name>
            </product>
        </sold-products>
    </user>
    <user first-name="Betty" last-name="Lawson">
        <sold-products/>
    </user>
    <user first-name="Ann" last-name="Stevens">
        <sold-products>
            <product>
                <name>Fair Foundation SPF 15</name>
                <price>1394.24</price>
                <buyer-first-name>Ann</buyer-first-name>
                <buyer-last-name>Stevens</buyer-last-name>
            </product>
            <product>
                <name>Naproxen</name>
                <price>807.22</price>
                <buyer-first-name>Ann</buyer-first-name>
                <buyer-last-name>Stevens</buyer-last-name>
            </product>
            <product>
                <name>SUMATRIPTAN SUCCINATE</name>
                <price>1265.94</price>
                <buyer-first-name>Ann</buyer-first-name>
                <buyer-last-name>Stevens</buyer-last-name>
            </product>
            <product>
                <name>Nevirapine</name>
                <price>1374.72</price>
                <buyer-first-name>Ann</buyer-first-name>
                <buyer-last-name>Stevens</buyer-last-name>
            </product>
        </sold-products>
    </user>
    <user first-name="Marie" last-name="Williamson">
        <sold-products>
            <product>
                <name>XtraCare Foam Antibacterial Hand Wash</name>
                <price>1251.97</price>
                <buyer-first-name>Marie</buyer-first-name>
                <buyer-last-name>Williamson</buyer-last-name>
            </product>
            <product>
                <name>LBEL Couleur Luxe Rouge Amplifier XP amplifying SPF 15</name>
                <price>1069.43</price>
                <buyer-first-name>Marie</buyer-first-name>
                <buyer-last-name>Williamson</buyer-last-name>
            </product>
            <product>
                <name>DIVALPROEX SODIUM</name>
                <price>1287.03</price>
                <buyer-first-name>Marie</buyer-first-name>
                <buyer-last-name>Williamson</buyer-last-name>
            </product>
        </sold-products>
    </user>
    <user last-name="Thompson">
        <sold-products>
            <product>
                <name>Head and Shoulders Conditioner</name>
                <price>1099.59</price>
                <buyer-last-name>Thompson</buyer-last-name>
            </product>
            <product>
                <name>Megestrol Acetate</name>
                <price>976.15</price>
                <buyer-last-name>Thompson</buyer-last-name>
            </product>
            <product>
                <name>DIPYRIDAMOLE</name>
                <price>1150.67</price>
                <buyer-last-name>Thompson</buyer-last-name>
            </product>
            <product>
                <name>Warfarin Sodium</name>
                <price>1379.79</price>
                <buyer-last-name>Thompson</buyer-last-name>
            </product>
        </sold-products>
    </user>
    <user first-name="Anna" last-name="Clark">
        <sold-products>
            <product>
                <name>Clarins Paris Skin Illusion - 114 cappuccino</name>
                <price>811.42</price>
                <buyer-first-name>Anna</buyer-first-name>
                <buyer-last-name>Clark</buyer-last-name>
            </product>
            <product>
                <name>XANTHIUM STRUMARIUM VAR CANADENSE POLLEN</name>
                <price>1091.38</price>
                <buyer-first-name>Anna</buyer-first-name>
                <buyer-last-name>Clark</buyer-last-name>
            </product>
            <product>
                <name>Metformin Hydrochloride</name>
                <price>953.99</price>
                <buyer-first-name>Anna</buyer-first-name>
                <buyer-last-name>Clark</buyer-last-name>
            </product>
            <product>
                <name>Topex</name>
                <price>1258.49</price>
                <buyer-first-name>Anna</buyer-first-name>
                <buyer-last-name>Clark</buyer-last-name>
            </product>
            <product>
                <name>Meloxicam</name>
                <price>809.18</price>
                <buyer-first-name>Anna</buyer-first-name>
                <buyer-last-name>Clark</buyer-last-name>
            </product>
        </sold-products>
    </user>
    <user first-name="Patrick" last-name="King">
        <sold-products>
            <product>
                <name>Treatment Set TS336667</name>
                <price>1466.47</price>
                <buyer-first-name>Patrick</buyer-first-name>
                <buyer-last-name>King</buyer-last-name>
            </product>
            <product>
                <name>Glycopyrrolate</name>
                <price>1471.43</price>
                <buyer-first-name>Patrick</buyer-first-name>
                <buyer-last-name>King</buyer-last-name>
            </product>
            <product>
                <name>Americaine</name>
                <price>1165.75</price>
                <buyer-first-name>Patrick</buyer-first-name>
                <buyer-last-name>King</buyer-last-name>
            </product>
            <product>
                <name>Nighttime Sleep Aid</name>
                <price>1217.11</price>
                <buyer-first-name>Patrick</buyer-first-name>
                <buyer-last-name>King</buyer-last-name>
            </product>
        </sold-products>
    </user>
    <user first-name="Benjamin" last-name="Henry">
        <sold-products>
            <product>
                <name>Aquafresh</name>
                <price>849.93</price>
                <buyer-first-name>Benjamin</buyer-first-name>
                <buyer-last-name>Henry</buyer-last-name>
            </product>
            <product>
                <name>ESIKA 3-IN-1 PRO MAKE UP FOUNDATION SPF 20 BASE DE MAQUILLAJE PARA ROSTRO 3-EN-1 PRO FPS 20</name>
                <price>1097.6</price>
                <buyer-first-name>Benjamin</buyer-first-name>
                <buyer-last-name>Henry</buyer-last-name>
            </product>
        </sold-products>
    </user>
    <user first-name="Nicole" last-name="Martinez">
        <sold-products>
            <product>
                <name>Finasteride</name>
                <price>1374.01</price>
                <buyer-first-name>Nicole</buyer-first-name>
                <buyer-last-name>Martinez</buyer-last-name>
            </product>
        </sold-products>
    </user>
    <user first-name="Carl" last-name="Daniels">
        <sold-products/>
    </user>
    <user last-name="Bennett">
        <sold-products>
            <product>
                <name>Acetaminophen, Chlorpheniramine Maleate, Dextromethorphan Hydrobromide, Phenylephrine Hydrochloride</name>
                <price>1028.27</price>
                <buyer-last-name>Bennett</buyer-last-name>
            </product>
        </sold-products>
    </user>
    <user last-name="Thompson">
        <sold-products>
            <product>
                <name>Head and Shoulders Conditioner</name>
                <price>1099.59</price>
                <buyer-last-name>Thompson</buyer-last-name>
            </product>
            <product>
                <name>Megestrol Acetate</name>
                <price>976.15</price>
                <buyer-last-name>Thompson</buyer-last-name>
            </product>
            <product>
                <name>DIPYRIDAMOLE</name>
                <price>1150.67</price>
                <buyer-last-name>Thompson</buyer-last-name>
            </product>
            <product>
                <name>Warfarin Sodium</name>
                <price>1379.79</price>
                <buyer-last-name>Thompson</buyer-last-name>
            </product>
        </sold-products>
    </user>
    <user first-name="Sarah" last-name="Day">
        <sold-products>
            <product>
                <name>Retin-A MICRO</name>
                <price>995.98</price>
                <buyer-first-name>Sarah</buyer-first-name>
                <buyer-last-name>Day</buyer-last-name>
            </product>
            <product>
                <name>Butalbital, Aspirin and Caffeine</name>
                <price>1010.98</price>
                <buyer-first-name>Sarah</buyer-first-name>
                <buyer-last-name>Day</buyer-last-name>
            </product>
            <product>
                <name>Archangelica Eucalyptus</name>
                <price>1334.91</price>
                <buyer-first-name>Sarah</buyer-first-name>
                <buyer-last-name>Day</buyer-last-name>
            </product>
            <product>
                <name>leader pain reliever</name>
                <price>1179.79</price>
                <buyer-first-name>Sarah</buyer-first-name>
                <buyer-last-name>Day</buyer-last-name>
            </product>
        </sold-products>
    </user>
    <user first-name="Fred" last-name="Barnes">
        <sold-products>
            <product>
                <name>Etoposide</name>
                <price>1483.96</price>
                <buyer-first-name>Fred</buyer-first-name>
                <buyer-last-name>Barnes</buyer-last-name>
            </product>
        </sold-products>
    </user>
    <user first-name="Patricia" last-name="Fuller">
        <sold-products>
            <product>
                <name>Acnezzol Base</name>
                <price>710.6</price>
                <buyer-first-name>Patricia</buyer-first-name>
                <buyer-last-name>Fuller</buyer-last-name>
            </product>
            <product>
                <name>Azithromycin</name>
                <price>813.87</price>
                <buyer-first-name>Patricia</buyer-first-name>
                <buyer-last-name>Fuller</buyer-last-name>
            </product>
            <product>
                <name>Gilotrif</name>
                <price>1454.77</price>
                <buyer-first-name>Patricia</buyer-first-name>
                <buyer-last-name>Fuller</buyer-last-name>
            </product>
        </sold-products>
    </user>
    <user first-name="Jeremy" last-name="Woods">
        <sold-products>
            <product>
                <name>Care One Hemorrhoidal</name>
                <price>932.18</price>
                <buyer-first-name>Jeremy</buyer-first-name>
                <buyer-last-name>Woods</buyer-last-name>
            </product>
            <product>
                <name>Etodolac</name>
                <price>1443.13</price>
                <buyer-first-name>Jeremy</buyer-first-name>
                <buyer-last-name>Woods</buyer-last-name>
            </product>
            <product>
                <name>Myristica Argentum Sinus Relief</name>
                <price>904.52</price>
                <buyer-first-name>Jeremy</buyer-first-name>
                <buyer-last-name>Woods</buyer-last-name>
            </product>
        </sold-products>
    </user>
    <user first-name="Thomas" last-name="Snyder">
        <sold-products>
            <product>
                <name>cough and sore throat</name>
                <price>1482.68</price>
                <buyer-first-name>Thomas</buyer-first-name>
                <buyer-last-name>Snyder</buyer-last-name>
            </product>
            <product>
                <name>Acetic Acid</name>
                <price>1060.43</price>
                <buyer-first-name>Thomas</buyer-first-name>
                <buyer-last-name>Snyder</buyer-last-name>
            </product>
            <product>
                <name>Topical 60 Sec Sodium Fluoride</name>
                <price>1228.84</price>
                <buyer-first-name>Thomas</buyer-first-name>
                <buyer-last-name>Snyder</buyer-last-name>
            </product>
        </sold-products>
    </user>
    <user first-name="Jennifer" last-name="Riley">
        <sold-products>
            <product>
                <name>Ondansetron</name>
                <price>1249.76</price>
                <buyer-first-name>Jennifer</buyer-first-name>
                <buyer-last-name>Riley</buyer-last-name>
            </product>
        </sold-products>
    </user>
    <user first-name="Anna" last-name="Parker">
        <sold-products>
            <product>
                <name>Effervescent Cold Relief</name>
                <price>1436.07</price>
                <buyer-first-name>Anna</buyer-first-name>
                <buyer-last-name>Parker</buyer-last-name>
            </product>
            <product>
                <name>Metoprolol Tartrate</name>
                <price>1405.74</price>
                <buyer-first-name>Anna</buyer-first-name>
                <buyer-last-name>Parker</buyer-last-name>
            </product>
            <product>
                <name>Levothyroxine Sodium</name>
                <price>885.86</price>
                <buyer-first-name>Anna</buyer-first-name>
                <buyer-last-name>Parker</buyer-last-name>
            </product>
        </sold-products>
    </user>
    <user first-name="Betty" last-name="Lawson">
        <sold-products/>
    </user>
    <user first-name="Bonnie" last-name="Fox">
        <sold-products>
            <product>
                <name>Zonisamide</name>
                <price>1305.41</price>
                <buyer-first-name>Bonnie</buyer-first-name>
                <buyer-last-name>Fox</buyer-last-name>
            </product>
        </sold-products>
    </user>
    <user first-name="Kathy" last-name="Gilbert">
        <sold-products>
            <product>
                <name>Clearskin</name>
                <price>968.59</price>
                <buyer-first-name>Kathy</buyer-first-name>
                <buyer-last-name>Gilbert</buyer-last-name>
            </product>
            <product>
                <name>Alcohol Free Antiseptic</name>
                <price>1486.07</price>
                <buyer-first-name>Kathy</buyer-first-name>
                <buyer-last-name>Gilbert</buyer-last-name>
            </product>
        </sold-products>
    </user>
    <user first-name="Patrick" last-name="King">
        <sold-products>
            <product>
                <name>Treatment Set TS336667</name>
                <price>1466.47</price>
                <buyer-first-name>Patrick</buyer-first-name>
                <buyer-last-name>King</buyer-last-name>
            </product>
            <product>
                <name>Glycopyrrolate</name>
                <price>1471.43</price>
                <buyer-first-name>Patrick</buyer-first-name>
                <buyer-last-name>King</buyer-last-name>
            </product>
            <product>
                <name>Americaine</name>
                <price>1165.75</price>
                <buyer-first-name>Patrick</buyer-first-name>
                <buyer-last-name>King</buyer-last-name>
            </product>
            <product>
                <name>Nighttime Sleep Aid</name>
                <price>1217.11</price>
                <buyer-first-name>Patrick</buyer-first-name>
                <buyer-last-name>King</buyer-last-name>
            </product>
        </sold-products>
    </user>
    <user first-name="Betty" last-name="Lawson">
        <sold-products/>
    </user>
    <user first-name="Brenda" last-name="Howell">
        <sold-products>
            <product>
                <name>CALMING DIAPER RASH</name>
                <price>700.92</price>
                <buyer-first-name>Brenda</buyer-first-name>
                <buyer-last-name>Howell</buyer-last-name>
            </product>
        </sold-products>
    </user>
</users>
