[
  {
    "category": "Fashion",
    "productsCount": 64,
    "averagePrice": 741.261406,
    "totalRevenue": 47440.73
  },
  {
    "category": "Drugs",
    "productsCount": 65,
    "averagePrice": 666.548923,
    "totalRevenue": 43325.68
  },
  {
    "category": "Autoparts",
    "productsCount": 65,
    "averagePrice": 656.022154,
    "totalRevenue": 42641.44
  },
  {
    "category": "Business",
    "productsCount": 67,
    "averagePrice": 780.828955,
    "totalRevenue": 52315.54
  },
  {
    "category": "Electronics",
    "productsCount": 68,
    "averagePrice": 726.954706,
    "totalRevenue": 49432.92
  },
  {
    "category": "Weapons",
    "productsCount": 71,
    "averagePrice": 726.281127,
    "totalRevenue": 51565.96
  },
  {
    "category": "Other",
    "productsCount": 71,
    "averagePrice": 762.239577,
    "totalRevenue": 54119.01
  },
  {
    "category": "Sports",
    "productsCount": 74,
    "averagePrice": 734.043919,
    "totalRevenue": 54319.25
  },
  {
    "category": "Adult",
    "productsCount": 75,
    "averagePrice": 694.719067,
    "totalRevenue": 52103.93
  },
  {
    "category": "For Children",
    "productsCount": 82,
    "averagePrice": 761.127439,
    "totalRevenue": 62412.45
  },
  {
    "category": "Garden",
    "productsCount": 83,
    "averagePrice": 722.38241,
    "totalRevenue": 59957.74
  }
]