[
  {
    "name": "TRAMADOL HYDROCHLORIDE",
    "price": 516.48,
    "seller": "Christina Patterson"
  },
  {
    "name": "Allopurinol",
    "price": 518.5,
    "seller": "Chris Mitchell"
  },
  {
    "name": "Parsley",
    "price": 519.06,
    "seller": "Patricia Fuller"
  },
  {
    "name": "equaline",
    "price": 520.45,
    "seller": "null Mitchell"
  },
  {
    "name": "Extra Strength Pain Reliever PM",
    "price": 542.72,
    "seller": "Paula Hill"
  },
  {
    "name": "Propranolol Hydrochloride",
    "price": 546.95,
    "seller": "Eugene Stewart"
  },
  {
    "name": "Prednisone",
    "price": 550.72,
    "seller": "Betty Lawson"
  },
  {
    "name": "TERSI",
    "price": 554.91,
    "seller": "null Baker"
  },
  {
    "name": "DAYWEAR PLUS MULTI PROTECTION TINTED MOISTURIZER",
    "price": 555.12,
    "seller": "null Peterson"
  },
  {
    "name": "PLANTAGO LANCEOLATA POLLEN",
    "price": 561.68,
    "seller": "null Cunningham"
  },
  {
    "name": "Echinacea Quartz Gum Support",
    "price": 570.08,
    "seller": "Christina Patterson"
  },
  {
    "name": "Topiramate",
    "price": 578.77,
    "seller": "Diana Harvey"
  },
  {
    "name": "AIR",
    "price": 581.69,
    "seller": "null Bennett"
  },
  {
    "name": "Agaricus Equisetum Special Order",
    "price": 585.93,
    "seller": "Ann Stevens"
  },
  {
    "name": "Gemcitabine",
    "price": 594.79,
    "seller": "Clarence Fowler"
  },
  {
    "name": "Ketorolac Tromethamine",
    "price": 608.18,
    "seller": "Jeremy Woods"
  },
  {
    "name": "Pleo Ginkgo",
    "price": 613.65,
    "seller": "Ann Stevens"
  },
  {
    "name": "Diastat",
    "price": 614.14,
    "seller": "Kathy Gilbert"
  },
  {
    "name": "No7 Protect and Perfect Foundation Sunscreen Broad Spectrum SPF 15 Cool Ivory",
    "price": 616.19,
    "seller": "Wanda Harris"
  },
  {
    "name": "Glipizide",
    "price": 621.78,
    "seller": "Jonathan Rodriguez"
  },
  {
    "name": "AMARANTHUS PALMERI POLLEN",
    "price": 623.16,
    "seller": "Joshua Murray"
  },
  {
    "name": "Foaming Hand Sanitizer",
    "price": 624.72,
    "seller": "null Stewart"
  },
  {
    "name": "ziprasidone hydrochloride",
    "price": 628.66,
    "seller": "Patricia Fuller"
  },
  {
    "name": "AVANDAMET",
    "price": 632.08,
    "seller": "null Stewart"
  },
  {
    "name": "Imipramine Hydrochloride",
    "price": 648.69,
    "seller": "Jennifer Riley"
  },
  {
    "name": "Childrens Allegra Allergy",
    "price": 650.97,
    "seller": "Sandra Riley"
  },
  {
    "name": "Strattera",
    "price": 658.54,
    "seller": "Carl Daniels"
  },
  {
    "name": "Amitiza",
    "price": 666.58,
    "seller": "Anna Clark"
  },
  {
    "name": "ENBREL",
    "price": 673.97,
    "seller": "null Moreno"
  },
  {
    "name": "Ampicillin",
    "price": 674.63,
    "seller": "Jeremy Woods"
  },
  {
    "name": "PRIMAXIN",
    "price": 686.66,
    "seller": "Fred Barnes"
  },
  {
    "name": "CLARINS Ever Matte SPF 15 - 105 Nude",
    "price": 696.06,
    "seller": "Anna Parker"
  }
]