{
  "count": 108,
  "users": [
    {
      "firstName": "Bonnie",
      "lastName": "Fox",
      "age": 18,
      "products": {
        "count": 0,
        "products": []
      }
    },
    {
      "firstName": "Clarence",
      "lastName": "Fowler",
      "age": 50,
      "products": {
        "count": 0,
        "products": []
      }
    },
    {
      "lastName": "Thompson",
      "age": 46,
      "products": {
        "count": 0,
        "products": []
      }
    },
    {
      "lastName": "Cunningham",
      "age": 0,
      "products": {
        "count": 0,
        "products": []
      }
    },
    {
      "firstName": "Patrick",
      "lastName": "King",
      "age": 0,
      "products": {
        "count": 0,
        "products": []
      }
    },
    {
      "firstName": "Thomas",
      "lastName": "Snyder",
      "age": 40,
      "products": {
        "count": 0,
        "products": []
      }
    },
    {
      "firstName": "Patrick",
      "lastName": "King",
      "age": 0,
      "products": {
        "count": 0,
        "products": []
      }
    },
    {
      "firstName": "Arthur",
      "lastName": "Reynolds",
      "age": 32,
      "products": {
        "count": 0,
        "products": []
      }
    },
    {
      "firstName": "Billy",
      "lastName": "Parker",
      "age": 68,
      "products": {
        "count": 0,
        "products": []
      }
    },
    {
      "firstName": "Carl",
      "lastName": "Daniels",
      "age": 59,
      "products": {
        "count": 0,
        "products": []
      }
    },
    {
      "firstName": "Brandon",
      "lastName": "Fuller",
      "age": 30,
      "products": {
        "count": 0,
        "products": []
      }
    },
    {
      "firstName": "Patricia",
      "lastName": "Cooper",
      "age": 72,
      "products": {
        "count": 0,
        "products": []
      }
    },
    {
      "firstName": "Sarah",
      "lastName": "Day",
      "age": 33,
      "products": {
        "count": 0,
        "products": []
      }
    },
    {
      "firstName": "Brenda",
      "lastName": "Howell",
      "age": 75,
      "products": {
        "count": 0,
        "products": []
      }
    },
    {
      "lastName": "Baker",
      "age": 0,
      "products": {
        "count": 0,
        "products": []
      }
    },
    {
      "firstName": "Jonathan",
      "lastName": "Rodriguez",
      "age": 0,
      "products": {
        "count": 0,
        "products": []
      }
    },
    {
      "firstName": "Gary",
      "lastName": "Stevens",
      "age": 0,
      "products": {
        "count": 0,
        "products": []
      }
    },
    {
      "lastName": "Cunningham",
      "age": 0,
      "products": {
        "count": 0,
        "products": []
      }
    },
    {
      "firstName": "Chris",
      "lastName": "Mitchell",
      "age": 59,
      "products": {
        "count": 0,
        "products": []
      }
    },
    {
      "firstName": "Gary",
      "lastName": "Stevens",
      "age": 0,
      "products": {
        "count": 0,
        "products": []
      }
    },
    {
      "firstName": "Amanda",
      "lastName": "Frazier",
      "age": 0,
      "products": {
        "count": 0,
        "products": []
      }
    },
    {
      "firstName": "Chris",
      "lastName": "Mitchell",
      "age": 59,
      "products": {
        "count": 0,
        "products": []
      }
    },
    {
      "firstName": "Billy",
      "lastName": "Parker",
      "age": 68,
      "products": {
        "count": 0,
        "products": []
      }
    },
    {
      "firstName": "Joshua",
      "lastName": "Murray",
      "age": 41,
      "products": {
        "count": 0,
        "products": []
      }
    },
    {
      "firstName": "Nicole",
      "lastName": "Martinez",
      "age": 28,
      "products": {
        "count": 0,
        "products": []
      }
    },
    {
      "firstName": "Brenda",
      "lastName": "Howell",
      "age": 75,
      "products": {
        "count": 0,
        "products": []
      }
    },
    {
      "firstName": "Benjamin",
      "lastName": "Henry",
      "age": 63,
      "products": {
        "count": 0,
        "products": []
      }
    },
    {
      "firstName": "Wanda",
      "lastName": "Harris",
      "age": 26,
      "products": {
        "count": 0,
        "products": []
      }
    },
    {
      "firstName": "Paula",
      "lastName": "Hill",
      "age": 74,
      "products": {
        "count": 0,
        "products": []
      }
    },
    {
      "firstName": "Christina",
      "lastName": "Patterson",
      "age": 63,
      "products": {
        "count": 0,
        "products": []
      }
    },
    {
      "lastName": "Bennett",
      "age": 0,
      "products": {
        "count": 0,
        "products": []
      }
    },
    {
      "firstName": "Arthur",
      "lastName": "Reynolds",
      "age": 32,
      "products": {
        "count": 0,
        "products": []
      }
    },
    {
      "firstName": "Arthur",
      "lastName": "Reynolds",
      "age": 32,
      "products": {
        "count": 0,
        "products": []
      }
    },
    {
      "firstName": "Jacqueline",
      "lastName": "Perez",
      "age": 25,
      "products": {
        "count": 0,
        "products": []
      }
    },
    {
      "firstName": "Nicole",
      "lastName": "Harris",
      "age": 43,
      "products": {
        "count": 0,
        "products": []
      }
    },
    {
      "firstName": "Gary",
      "lastName": "Stevens",
      "age": 0,
      "products": {
        "count": 0,
        "products": []
      }
    },
    {
      "firstName": "Amanda",
      "lastName": "Frazier",
      "age": 0,
      "products": {
        "count": 0,
        "products": []
      }
    },
    {
      "firstName": "Patrick",
      "lastName": "King",
      "age": 0,
      "products": {
        "count": 0,
        "products": []
      }
    },
    {
      "firstName": "Betty",
      "lastName": "Ward",
      "age": 70,
      "products": {
        "count": 0,
        "products": []
      }
    },
    {
      "lastName": "Fox",
      "age": 68,
      "products": {
        "count": 0,
        "products": []
      }
    },
    {
      "firstName": "Paula",
      "lastName": "Hill",
      "age": 74,
      "products": {
        "count": 0,
        "products": []
      }
    },
    {
      "firstName": "Christina",
      "lastName": "Patterson",
      "age": 63,
      "products": {
        "count": 0,
        "products": []
      }
    },
    {
      "firstName": "Brenda",
      "lastName": "Howell",
      "age": 75,
      "products": {
        "count": 0,
        "products": []
      }
    },
    {
      "lastName": "Harrison",
      "age": 18,
      "products": {
        "count": 0,
        "products": []
      }
    },
    {
      "firstName": "Jean",
      "lastName": "Henry",
      "age": 0,
      "products": {
        "count": 0,
        "products": []
      }
    },
    {
      "firstName": "Joshua",
      "lastName": "Murray",
      "age": 41,
      "products": {
        "count": 0,
        "products": []
      }
    },
    {
      "firstName": "Betty",
      "lastName": "Lawson",
      "age": 38,
      "products": {
        "count": 0,
        "products": []
      }
    },
    {
      "lastName": "Fox",
      "age": 68,
      "products": {
        "count": 0,
        "products": []
      }
    },
    {
      "firstName": "Fred",
      "lastName": "Allen",
      "age": 57,
      "products": {
        "count": 0,
        "products": []
      }
    },
    {
      "firstName": "Rachel",
      "lastName": "Johnson",
      "age": 24,
      "products": {
        "count": 0,
        "products": []
      }
    },
    {
      "firstName": "Doris",
      "lastName": "Cook",
      "age": 61,
      "products": {
        "count": 0,
        "products": []
      }
    },
    {
      "firstName": "Brenda",
      "lastName": "Howell",
      "age": 75,
      "products": {
        "count": 0,
        "products": []
      }
    },
    {
      "firstName": "Brenda",
      "lastName": "Howell",
      "age": 75,
      "products": {
        "count": 0,
        "products": []
      }
    },
    {
      "firstName": "Fred",
      "lastName": "Barnes",
      "age": 0,
      "products": {
        "count": 0,
        "products": []
      }
    },
    {
      "firstName": "Christina",
      "lastName": "Patterson",
      "age": 63,
      "products": {
        "count": 0,
        "products": []
      }
    },
    {
      "firstName": "Brandon",
      "lastName": "Fuller",
      "age": 30,
      "products": {
        "count": 0,
        "products": []
      }
    },
    {
      "lastName": "Harrison",
      "age": 18,
      "products": {
        "count": 0,
        "products": []
      }
    },
    {
      "firstName": "Nicole",
      "lastName": "Martinez",
      "age": 28,
      "products": {
        "count": 0,
        "products": []
      }
    },
    {
      "lastName": "Stewart",
      "age": 39,
      "products": {
        "count": 0,
        "products": []
      }
    },
    {
      "lastName": "Harrison",
      "age": 18,
      "products": {
        "count": 0,
        "products": []
      }
    },
    {
      "firstName": "Nicole",
      "lastName": "Martinez",
      "age": 28,
      "products": {
        "count": 0,
        "products": []
      }
    },
    {
      "firstName": "Carl",
      "lastName": "Daniels",
      "age": 59,
      "products": {
        "count": 0,
        "products": []
      }
    },
    {
      "firstName": "Rachel",
      "lastName": "Johnson",
      "age": 24,
      "products": {
        "count": 0,
        "products": []
      }
    },
    {
      "firstName": "Brenda",
      "lastName": "Howell",
      "age": 75,
      "products": {
        "count": 0,
        "products": []
      }
    },
    {
      "firstName": "Gloria",
      "lastName": "Alexander",
      "age": 61,
      "products": {
        "count": 0,
        "products": []
      }
    },
    {
      "lastName": "Schmidt",
      "age": 70,
      "products": {
        "count": 0,
        "products": []
      }
    },
    {
      "firstName": "Kathy",
      "lastName": "Gilbert",
      "age": 51,
      "products": {
        "count": 0,
        "products": []
      }
    },
    {
      "firstName": "Patricia",
      "lastName": "Cooper",
      "age": 72,
      "products": {
        "count": 0,
        "products": []
      }
    },
    {
      "firstName": "Thomas",
      "lastName": "Snyder",
      "age": 40,
      "products": {
        "count": 0,
        "products": []
      }
    },
    {
      "firstName": "Christina",
      "lastName": "Patterson",
      "age": 63,
      "products": {
        "count": 0,
        "products": []
      }
    },
    {
      "firstName": "Diana",
      "lastName": "Harvey",
      "age": 46,
      "products": {
        "count": 0,
        "products": []
      }
    },
    {
      "firstName": "Anna",
      "lastName": "Parker",
      "age": 56,
      "products": {
        "count": 0,
        "products": []
      }
    },
    {
      "lastName": "Mitchell",
      "age": 41,
      "products": {
        "count": 0,
        "products": []
      }
    },
    {
      "firstName": "Jeremy",
      "lastName": "Woods",
      "age": 20,
      "products": {
        "count": 0,
        "products": []
      }
    },
    {
      "firstName": "Ann",
      "lastName": "Stevens",
      "age": 0,
      "products": {
        "count": 0,
        "products": []
      }
    },
    {
      "firstName": "Betty",
      "lastName": "Ward",
      "age": 70,
      "products": {
        "count": 0,
        "products": []
      }
    },
    {
      "firstName": "Nicole",
      "lastName": "Martinez",
      "age": 28,
      "products": {
        "count": 0,
        "products": []
      }
    },
    {
      "firstName": "Jennifer",
      "lastName": "Riley",
      "age": 0,
      "products": {
        "count": 0,
        "products": []
      }
    },
    {
      "firstName": "Sarah",
      "lastName": "Day",
      "age": 33,
      "products": {
        "count": 0,
        "products": []
      }
    },
    {
      "firstName": "Brenda",
      "lastName": "Howell",
      "age": 75,
      "products": {
        "count": 0,
        "products": []
      }
    },
    {
      "firstName": "Carl",
      "lastName": "Daniels",
      "age": 59,
      "products": {
        "count": 0,
        "products": []
      }
    },
    {
      "firstName": "Jennifer",
      "lastName": "Riley",
      "age": 0,
      "products": {
        "count": 0,
        "products": []
      }
    },
    {
      "firstName": "Brandon",
      "lastName": "Fuller",
      "age": 30,
      "products": {
        "count": 0,
        "products": []
      }
    },
    {
      "firstName": "Jacqueline",
      "lastName": "Perez",
      "age": 25,
      "products": {
        "count": 0,
        "products": []
      }
    },
    {
      "firstName": "Betty",
      "lastName": "Lawson",
      "age": 38,
      "products": {
        "count": 0,
        "products": []
      }
    },
    {
      "firstName": "Ann",
      "lastName": "Stevens",
      "age": 0,
      "products": {
        "count": 0,
        "products": []
      }
    },
    {
      "firstName": "Marie",
      "lastName": "Williamson",
      "age": 0,
      "products": {
        "count": 0,
        "products": []
      }
    },
    {
      "lastName": "Thompson",
      "age": 46,
      "products": {
        "count": 0,
        "products": []
      }
    },
    {
      "firstName": "Anna",
      "lastName": "Clark",
      "age": 41,
      "products": {
        "count": 0,
        "products": []
      }
    },
    {
      "firstName": "Patrick",
      "lastName": "King",
      "age": 0,
      "products": {
        "count": 0,
        "products": []
      }
    },
    {
      "firstName": "Benjamin",
      "lastName": "Henry",
      "age": 63,
      "products": {
        "count": 0,
        "products": []
      }
    },
    {
      "firstName": "Nicole",
      "lastName": "Martinez",
      "age": 28,
      "products": {
        "count": 0,
        "products": []
      }
    },
    {
      "firstName": "Carl",
      "lastName": "Daniels",
      "age": 59,
      "products": {
        "count": 0,
        "products": []
      }
    },
    {
      "lastName": "Bennett",
      "age": 0,
      "products": {
        "count": 0,
        "products": []
      }
    },
    {
      "lastName": "Thompson",
      "age": 46,
      "products": {
        "count": 0,
        "products": []
      }
    },
    {
      "firstName": "Sarah",
      "lastName": "Day",
      "age": 33,
      "products": {
        "count": 0,
        "products": []
      }
    },
    {
      "firstName": "Fred",
      "lastName": "Barnes",
      "age": 0,
      "products": {
        "count": 0,
        "products": []
      }
    },
    {
      "firstName": "Patricia",
      "lastName": "Fuller",
      "age": 36,
      "products": {
        "count": 0,
        "products": []
      }
    },
    {
      "firstName": "Jeremy",
      "lastName": "Woods",
      "age": 20,
      "products": {
        "count": 0,
        "products": []
      }
    },
    {
      "firstName": "Thomas",
      "lastName": "Snyder",
      "age": 40,
      "products": {
        "count": 0,
        "products": []
      }
    },
    {
      "firstName": "Jennifer",
      "lastName": "Riley",
      "age": 0,
      "products": {
        "count": 0,
        "products": []
      }
    },
    {
      "firstName": "Anna",
      "lastName": "Parker",
      "age": 56,
      "products": {
        "count": 0,
        "products": []
      }
    },
    {
      "firstName": "Betty",
      "lastName": "Lawson",
      "age": 38,
      "products": {
        "count": 0,
        "products": []
      }
    },
    {
      "firstName": "Bonnie",
      "lastName": "Fox",
      "age": 18,
      "products": {
        "count": 0,
        "products": []
      }
    },
    {
      "firstName": "Kathy",
      "lastName": "Gilbert",
      "age": 51,
      "products": {
        "count": 0,
        "products": []
      }
    },
    {
      "firstName": "Patrick",
      "lastName": "King",
      "age": 0,
      "products": {
        "count": 0,
        "products": []
      }
    },
    {
      "firstName": "Betty",
      "lastName": "Lawson",
      "age": 38,
      "products": {
        "count": 0,
        "products": []
      }
    },
    {
      "firstName": "Brenda",
      "lastName": "Howell",
      "age": 75,
      "products": {
        "count": 0,
        "products": []
      }
    }
  ]
}