[
  {
    "firstName": "Bonnie",
    "lastName": "Fox",
    "boughtProducts": [
      {
        "name": "Zonisamide",
        "price": 1305.41,
        "buyerFirstName": "Bonnie",
        "buyerLastName": "Fox"
      }
    ]
  },
  {
    "firstName": "Clarence",
    "lastName": "Fowler",
    "boughtProducts": [
      {
        "name": "EPZICOM",
        "price": 895.65,
        "buyerFirstName": "Clarence",
        "buyerLastName": "Fowler"
      }
    ]
  },
  {
    "lastName": "Thompson",
    "boughtProducts": [
      {
        "name": "Head and Shoulders Conditioner",
        "price": 1099.59,
        "buyerLastName": "Thompson"
      },
      {
        "name": "Megestrol Acetate",
        "price": 976.15,
        "buyerLastName": "Thompson"
      },
      {
        "name": "DIPYRIDAMOLE",
        "price": 1150.67,
        "buyerLastName": "Thompson"
      },
      {
        "name": "Warfarin Sodium",
        "price": 1379.79,
        "buyerLastName": "Thompson"
      }
    ]
  },
  {
    "lastName": "Cunningham",
    "boughtProducts": [
      {
        "name": "Budpak Hemorrhoid Anesthetic",
        "price": 1499.29,
        "buyerLastName": "Cunningham"
      },
      {
        "name": "VITALUMIERE AQUA",
        "price": 1293.09,
        "buyerLastName": "Cunningham"
      }
    ]
  },
  {
    "firstName": "Patrick",
    "lastName": "King",
    "boughtProducts": [
      {
        "name": "Treatment Set TS336667",
        "price": 1466.47,
        "buyerFirstName": "Patrick",
        "buyerLastName": "King"
      },
      {
        "name": "Glycopyrrolate",
        "price": 1471.43,
        "buyerFirstName": "Patrick",
        "buyerLastName": "King"
      },
      {
        "name": "Americaine",
        "price": 1165.75,
        "buyerFirstName": "Patrick",
        "buyerLastName": "King"
      },
      {
        "name": "Nighttime Sleep Aid",
        "price": 1217.11,
        "buyerFirstName": "Patrick",
        "buyerLastName": "King"
      }
    ]
  },
  {
    "firstName": "Thomas",
    "lastName": "Snyder",
    "boughtProducts": [
      {
        "name": "cough and sore throat",
        "price": 1482.68,
        "buyerFirstName": "Thomas",
        "buyerLastName": "Snyder"
      },
      {
        "name": "Acetic Acid",
        "price": 1060.43,
        "buyerFirstName": "Thomas",
        "buyerLastName": "Snyder"
      },
      {
        "name": "Topical 60 Sec Sodium Fluoride",
        "price": 1228.84,
        "buyerFirstName": "Thomas",
        "buyerLastName": "Snyder"
      }
    ]
  },
  {
    "firstName": "Patrick",
    "lastName": "King",
    "boughtProducts": [
      {
        "name": "Treatment Set TS336667",
        "price": 1466.47,
        "buyerFirstName": "Patrick",
        "buyerLastName": "King"
      },
      {
        "name": "Glycopyrrolate",
        "price": 1471.43,
        "buyerFirstName": "Patrick",
        "buyerLastName": "King"
      },
      {
        "name": "Americaine",
        "price": 1165.75,
        "buyerFirstName": "Patrick",
        "buyerLastName": "King"
      },
      {
        "name": "Nighttime Sleep Aid",
        "price": 1217.11,
        "buyerFirstName": "Patrick",
        "buyerLastName": "King"
      }
    ]
  },
  {
    "firstName": "Arthur",
    "lastName": "Reynolds",
    "boughtProducts": [
      {
        "name": "Shopko Lip Treatment",
        "price": 861.42,
        "buyerFirstName": "Arthur",
        "buyerLastName": "Reynolds"
      },
      {
        "name": "PREMIER VALUE ALLERGY",
        "price": 1127.61,
        "buyerFirstName": "Arthur",
        "buyerLastName": "Reynolds"
      }
    ]
  },
  {
    "firstName": "Billy",
    "lastName": "Parker",
    "boughtProducts": [
      {
        "name": "Labetalol Hydrochloride",
        "price": 1345.11,
        "buyerFirstName": "Billy",
        "buyerLastName": "Parker"
      },
      {
        "name": "Growing Pains",
        "price": 1077.37,
        "buyerFirstName": "Billy",
        "buyerLastName": "Parker"
      }
    ]
  },
  {
    "firstName": "Carl",
    "lastName": "Daniels",
    "boughtProducts": []
  },
  {
    "firstName": "Brandon",
    "lastName": "Fuller",
    "boughtProducts": [
      {
        "name": "ESIKA",
        "price": 879.37,
        "buyerFirstName": "Brandon",
        "buyerLastName": "Fuller"
      },
      {
        "name": "MEDICATED DANDRUFF",
        "price": 1351.02,
        "buyerFirstName": "Brandon",
        "buyerLastName": "Fuller"
      }
    ]
  },
  {
    "firstName": "Patricia",
    "lastName": "Cooper",
    "boughtProducts": [
      {
        "name": "Prednisone",
        "price": 1285.99,
        "buyerFirstName": "Patricia",
        "buyerLastName": "Cooper"
      }
    ]
  },
  {
    "firstName": "Sarah",
    "lastName": "Day",
    "boughtProducts": [
      {
        "name": "Retin-A MICRO",
        "price": 995.98,
        "buyerFirstName": "Sarah",
        "buyerLastName": "Day"
      },
      {
        "name": "Butalbital, Aspirin and Caffeine",
        "price": 1010.98,
        "buyerFirstName": "Sarah",
        "buyerLastName": "Day"
      },
      {
        "name": "Archangelica Eucalyptus",
        "price": 1334.91,
        "buyerFirstName": "Sarah",
        "buyerLastName": "Day"
      },
      {
        "name": "leader pain reliever",
        "price": 1179.79,
        "buyerFirstName": "Sarah",
        "buyerLastName": "Day"
      }
    ]
  },
  {
    "firstName": "Brenda",
    "lastName": "Howell",
    "boughtProducts": [
      {
        "name": "CALMING DIAPER RASH",
        "price": 700.92,
        "buyerFirstName": "Brenda",
        "buyerLastName": "Howell"
      }
    ]
  },
  {
    "lastName": "Baker",
    "boughtProducts": [
      {
        "name": "Aspergillus repens",
        "price": 1231.42,
        "buyerLastName": "Baker"
      },
      {
        "name": "Spironolactone",
        "price": 933.69,
        "buyerLastName": "Baker"
      },
      {
        "name": "Homeopathic Rheumatism",
        "price": 967.08,
        "buyerLastName": "Baker"
      }
    ]
  },
  {
    "firstName": "Jonathan",
    "lastName": "Rodriguez",
    "boughtProducts": [
      {
        "name": "TYLENOL COLD MULTI-SYMPTOM DAYTIME",
        "price": 1010.81,
        "buyerFirstName": "Jonathan",
        "buyerLastName": "Rodriguez"
      },
      {
        "name": "Perrigo Benzoyl Peroxide",
        "price": 873.24,
        "buyerFirstName": "Jonathan",
        "buyerLastName": "Rodriguez"
      }
    ]
  },
  {
    "firstName": "Gary",
    "lastName": "Stevens",
    "boughtProducts": [
      {
        "name": "Warfarin Sodium",
        "price": 770.05,
        "buyerFirstName": "Gary",
        "buyerLastName": "Stevens"
      },
      {
        "name": "Triamterene and Hydrochlorothiazide",
        "price": 1416.59,
        "buyerFirstName": "Gary",
        "buyerLastName": "Stevens"
      },
      {
        "name": "Lorazepam",
        "price": 1134.96,
        "buyerFirstName": "Gary",
        "buyerLastName": "Stevens"
      }
    ]
  },
  {
    "lastName": "Cunningham",
    "boughtProducts": [
      {
        "name": "Budpak Hemorrhoid Anesthetic",
        "price": 1499.29,
        "buyerLastName": "Cunningham"
      },
      {
        "name": "VITALUMIERE AQUA",
        "price": 1293.09,
        "buyerLastName": "Cunningham"
      }
    ]
  },
  {
    "firstName": "Chris",
    "lastName": "Mitchell",
    "boughtProducts": [
      {
        "name": "Fosphenytoin Sodium",
        "price": 1334.06,
        "buyerFirstName": "Chris",
        "buyerLastName": "Mitchell"
      },
      {
        "name": "Aspen",
        "price": 1046.46,
        "buyerFirstName": "Chris",
        "buyerLastName": "Mitchell"
      },
      {
        "name": "Acid Reducer",
        "price": 1443.51,
        "buyerFirstName": "Chris",
        "buyerLastName": "Mitchell"
      },
      {
        "name": "Benazepril Hydrochloride and Hydrochlorothiazide",
        "price": 1187.27,
        "buyerFirstName": "Chris",
        "buyerLastName": "Mitchell"
      }
    ]
  },
  {
    "firstName": "Gary",
    "lastName": "Stevens",
    "boughtProducts": [
      {
        "name": "Warfarin Sodium",
        "price": 770.05,
        "buyerFirstName": "Gary",
        "buyerLastName": "Stevens"
      },
      {
        "name": "Triamterene and Hydrochlorothiazide",
        "price": 1416.59,
        "buyerFirstName": "Gary",
        "buyerLastName": "Stevens"
      },
      {
        "name": "Lorazepam",
        "price": 1134.96,
        "buyerFirstName": "Gary",
        "buyerLastName": "Stevens"
      }
    ]
  },
  {
    "firstName": "Amanda",
    "lastName": "Frazier",
    "boughtProducts": [
      {
        "name": "Laser Block 100",
        "price": 1135.43,
        "buyerFirstName": "Amanda",
        "buyerLastName": "Frazier"
      }
    ]
  },
  {
    "firstName": "Chris",
    "lastName": "Mitchell",
    "boughtProducts": [
      {
        "name": "Fosphenytoin Sodium",
        "price": 1334.06,
        "buyerFirstName": "Chris",
        "buyerLastName": "Mitchell"
      },
      {
        "name": "Aspen",
        "price": 1046.46,
        "buyerFirstName": "Chris",
        "buyerLastName": "Mitchell"
      },
      {
        "name": "Acid Reducer",
        "price": 1443.51,
        "buyerFirstName": "Chris",
        "buyerLastName": "Mitchell"
      },
      {
        "name": "Benazepril Hydrochloride and Hydrochlorothiazide",
        "price": 1187.27,
        "buyerFirstName": "Chris",
        "buyerLastName": "Mitchell"
      }
    ]
  },
  {
    "firstName": "Billy",
    "lastName": "Parker",
    "boughtProducts": [
      {
        "name": "Labetalol Hydrochloride",
        "price": 1345.11,
        "buyerFirstName": "Billy",
        "buyerLastName": "Parker"
      },
      {
        "name": "Growing Pains",
        "price": 1077.37,
        "buyerFirstName": "Billy",
        "buyerLastName": "Parker"
      }
    ]
  },
  {
    "firstName": "Joshua",
    "lastName": "Murray",
    "boughtProducts": [
      {
        "name": "Pollens - Trees, Birch Mix",
        "price": 1153.54,
        "buyerFirstName": "Joshua",
        "buyerLastName": "Murray"
      }
    ]
  },
  {
    "firstName": "Nicole",
    "lastName": "Martinez",
    "boughtProducts": [
      {
        "name": "Finasteride",
        "price": 1374.01,
        "buyerFirstName": "Nicole",
        "buyerLastName": "Martinez"
      }
    ]
  },
  {
    "firstName": "Brenda",
    "lastName": "Howell",
    "boughtProducts": [
      {
        "name": "CALMING DIAPER RASH",
        "price": 700.92,
        "buyerFirstName": "Brenda",
        "buyerLastName": "Howell"
      }
    ]
  },
  {
    "firstName": "Benjamin",
    "lastName": "Henry",
    "boughtProducts": [
      {
        "name": "Aquafresh",
        "price": 849.93,
        "buyerFirstName": "Benjamin",
        "buyerLastName": "Henry"
      },
      {
        "name": "ESIKA 3-IN-1 PRO MAKE UP FOUNDATION SPF 20 BASE DE MAQUILLAJE PARA ROSTRO 3-EN-1 PRO FPS 20",
        "price": 1097.6,
        "buyerFirstName": "Benjamin",
        "buyerLastName": "Henry"
      }
    ]
  },
  {
    "firstName": "Wanda",
    "lastName": "Harris",
    "boughtProducts": [
      {
        "name": "Wintergreen Isopropyl Alcohol",
        "price": 1397.57,
        "buyerFirstName": "Wanda",
        "buyerLastName": "Harris"
      }
    ]
  },
  {
    "firstName": "Paula",
    "lastName": "Hill",
    "boughtProducts": [
      {
        "name": "Oxygen",
        "price": 1242.92,
        "buyerFirstName": "Paula",
        "buyerLastName": "Hill"
      },
      {
        "name": "SEPHORA Acne-Fighting Mattifying Moisturizer",
        "price": 1019.28,
        "buyerFirstName": "Paula",
        "buyerLastName": "Hill"
      },
      {
        "name": "Smooth texture Orange flavor",
        "price": 976.65,
        "buyerFirstName": "Paula",
        "buyerLastName": "Hill"
      }
    ]
  },
  {
    "firstName": "Christina",
    "lastName": "Patterson",
    "boughtProducts": [
      {
        "name": "Flumazenil",
        "price": 1151.37,
        "buyerFirstName": "Christina",
        "buyerLastName": "Patterson"
      },
      {
        "name": "smart sense nighttime cold and flu relief",
        "price": 1101.77,
        "buyerFirstName": "Christina",
        "buyerLastName": "Patterson"
      },
      {
        "name": "RESCRIPTOR",
        "price": 850.52,
        "buyerFirstName": "Christina",
        "buyerLastName": "Patterson"
      },
      {
        "name": "smart sense nicotine",
        "price": 1444.12,
        "buyerFirstName": "Christina",
        "buyerLastName": "Patterson"
      }
    ]
  },
  {
    "lastName": "Bennett",
    "boughtProducts": [
      {
        "name": "Acetaminophen, Chlorpheniramine Maleate, Dextromethorphan Hydrobromide, Phenylephrine Hydrochloride",
        "price": 1028.27,
        "buyerLastName": "Bennett"
      }
    ]
  },
  {
    "firstName": "Arthur",
    "lastName": "Reynolds",
    "boughtProducts": [
      {
        "name": "Shopko Lip Treatment",
        "price": 861.42,
        "buyerFirstName": "Arthur",
        "buyerLastName": "Reynolds"
      },
      {
        "name": "PREMIER VALUE ALLERGY",
        "price": 1127.61,
        "buyerFirstName": "Arthur",
        "buyerLastName": "Reynolds"
      }
    ]
  },
  {
    "firstName": "Arthur",
    "lastName": "Reynolds",
    "boughtProducts": [
      {
        "name": "Shopko Lip Treatment",
        "price": 861.42,
        "buyerFirstName": "Arthur",
        "buyerLastName": "Reynolds"
      },
      {
        "name": "PREMIER VALUE ALLERGY",
        "price": 1127.61,
        "buyerFirstName": "Arthur",
        "buyerLastName": "Reynolds"
      }
    ]
  },
  {
    "firstName": "Jacqueline",
    "lastName": "Perez",
    "boughtProducts": [
      {
        "name": "Baza Antifungal",
        "price": 1162.34,
        "buyerFirstName": "Jacqueline",
        "buyerLastName": "Perez"
      }
    ]
  },
  {
    "firstName": "Nicole",
    "lastName": "Harris",
    "boughtProducts": []
  },
  {
    "firstName": "Gary",
    "lastName": "Stevens",
    "boughtProducts": [
      {
        "name": "Warfarin Sodium",
        "price": 770.05,
        "buyerFirstName": "Gary",
        "buyerLastName": "Stevens"
      },
      {
        "name": "Triamterene and Hydrochlorothiazide",
        "price": 1416.59,
        "buyerFirstName": "Gary",
        "buyerLastName": "Stevens"
      },
      {
        "name": "Lorazepam",
        "price": 1134.96,
        "buyerFirstName": "Gary",
        "buyerLastName": "Stevens"
      }
    ]
  },
  {
    "firstName": "Amanda",
    "lastName": "Frazier",
    "boughtProducts": [
      {
        "name": "Laser Block 100",
        "price": 1135.43,
        "buyerFirstName": "Amanda",
        "buyerLastName": "Frazier"
      }
    ]
  },
  {
    "firstName": "Patrick",
    "lastName": "King",
    "boughtProducts": [
      {
        "name": "Treatment Set TS336667",
        "price": 1466.47,
        "buyerFirstName": "Patrick",
        "buyerLastName": "King"
      },
      {
        "name": "Glycopyrrolate",
        "price": 1471.43,
        "buyerFirstName": "Patrick",
        "buyerLastName": "King"
      },
      {
        "name": "Americaine",
        "price": 1165.75,
        "buyerFirstName": "Patrick",
        "buyerLastName": "King"
      },
      {
        "name": "Nighttime Sleep Aid",
        "price": 1217.11,
        "buyerFirstName": "Patrick",
        "buyerLastName": "King"
      }
    ]
  },
  {
    "firstName": "Betty",
    "lastName": "Ward",
    "boughtProducts": [
      {
        "name": "IOPE RETIGEN MOISTURE TWIN CAKE NO.21",
        "price": 1257.71,
        "buyerFirstName": "Betty",
        "buyerLastName": "Ward"
      }
    ]
  },
  {
    "lastName": "Fox",
    "boughtProducts": [
      {
        "name": "Ibuprofen",
        "price": 1305.96,
        "buyerLastName": "Fox"
      }
    ]
  },
  {
    "firstName": "Paula",
    "lastName": "Hill",
    "boughtProducts": [
      {
        "name": "Oxygen",
        "price": 1242.92,
        "buyerFirstName": "Paula",
        "buyerLastName": "Hill"
      },
      {
        "name": "SEPHORA Acne-Fighting Mattifying Moisturizer",
        "price": 1019.28,
        "buyerFirstName": "Paula",
        "buyerLastName": "Hill"
      },
      {
        "name": "Smooth texture Orange flavor",
        "price": 976.65,
        "buyerFirstName": "Paula",
        "buyerLastName": "Hill"
      }
    ]
  },
  {
    "firstName": "Christina",
    "lastName": "Patterson",
    "boughtProducts": [
      {
        "name": "Flumazenil",
        "price": 1151.37,
        "buyerFirstName": "Christina",
        "buyerLastName": "Patterson"
      },
      {
        "name": "smart sense nighttime cold and flu relief",
        "price": 1101.77,
        "buyerFirstName": "Christina",
        "buyerLastName": "Patterson"
      },
      {
        "name": "RESCRIPTOR",
        "price": 850.52,
        "buyerFirstName": "Christina",
        "buyerLastName": "Patterson"
      },
      {
        "name": "smart sense nicotine",
        "price": 1444.12,
        "buyerFirstName": "Christina",
        "buyerLastName": "Patterson"
      }
    ]
  },
  {
    "firstName": "Brenda",
    "lastName": "Howell",
    "boughtProducts": [
      {
        "name": "CALMING DIAPER RASH",
        "price": 700.92,
        "buyerFirstName": "Brenda",
        "buyerLastName": "Howell"
      }
    ]
  },
  {
    "lastName": "Harrison",
    "boughtProducts": [
      {
        "name": "pain relief",
        "price": 938.23,
        "buyerLastName": "Harrison"
      }
    ]
  },
  {
    "firstName": "Jean",
    "lastName": "Henry",
    "boughtProducts": [
      {
        "name": "Amitriptyline Hydrochloride",
        "price": 1453.96,
        "buyerFirstName": "Jean",
        "buyerLastName": "Henry"
      },
      {
        "name": "LV-FX",
        "price": 820.87,
        "buyerFirstName": "Jean",
        "buyerLastName": "Henry"
      }
    ]
  },
  {
    "firstName": "Joshua",
    "lastName": "Murray",
    "boughtProducts": [
      {
        "name": "Pollens - Trees, Birch Mix",
        "price": 1153.54,
        "buyerFirstName": "Joshua",
        "buyerLastName": "Murray"
      }
    ]
  },
  {
    "firstName": "Betty",
    "lastName": "Lawson",
    "boughtProducts": []
  },
  {
    "lastName": "Fox",
    "boughtProducts": [
      {
        "name": "Ibuprofen",
        "price": 1305.96,
        "buyerLastName": "Fox"
      }
    ]
  },
  {
    "firstName": "Fred",
    "lastName": "Allen",
    "boughtProducts": [
      {
        "name": "CVS Therapeutic Menthol Pain Reliever",
        "price": 1033.42,
        "buyerFirstName": "Fred",
        "buyerLastName": "Allen"
      },
      {
        "name": "EMEND",
        "price": 1365.51,
        "buyerFirstName": "Fred",
        "buyerLastName": "Allen"
      },
      {
        "name": "Ibuprofen",
        "price": 1088.04,
        "buyerFirstName": "Fred",
        "buyerLastName": "Allen"
      }
    ]
  },
  {
    "firstName": "Rachel",
    "lastName": "Johnson",
    "boughtProducts": [
      {
        "name": "Ringers",
        "price": 1054.37,
        "buyerFirstName": "Rachel",
        "buyerLastName": "Johnson"
      }
    ]
  },
  {
    "firstName": "Doris",
    "lastName": "Cook",
    "boughtProducts": [
      {
        "name": "Ranitidine",
        "price": 926.64,
        "buyerFirstName": "Doris",
        "buyerLastName": "Cook"
      },
      {
        "name": "PCA SKIN ACNE",
        "price": 1356.22,
        "buyerFirstName": "Doris",
        "buyerLastName": "Cook"
      },
      {
        "name": "Pleo Lat",
        "price": 720.08,
        "buyerFirstName": "Doris",
        "buyerLastName": "Cook"
      }
    ]
  },
  {
    "firstName": "Brenda",
    "lastName": "Howell",
    "boughtProducts": [
      {
        "name": "CALMING DIAPER RASH",
        "price": 700.92,
        "buyerFirstName": "Brenda",
        "buyerLastName": "Howell"
      }
    ]
  },
  {
    "firstName": "Brenda",
    "lastName": "Howell",
    "boughtProducts": [
      {
        "name": "CALMING DIAPER RASH",
        "price": 700.92,
        "buyerFirstName": "Brenda",
        "buyerLastName": "Howell"
      }
    ]
  },
  {
    "firstName": "Fred",
    "lastName": "Barnes",
    "boughtProducts": [
      {
        "name": "Etoposide",
        "price": 1483.96,
        "buyerFirstName": "Fred",
        "buyerLastName": "Barnes"
      }
    ]
  },
  {
    "firstName": "Christina",
    "lastName": "Patterson",
    "boughtProducts": [
      {
        "name": "Flumazenil",
        "price": 1151.37,
        "buyerFirstName": "Christina",
        "buyerLastName": "Patterson"
      },
      {
        "name": "smart sense nighttime cold and flu relief",
        "price": 1101.77,
        "buyerFirstName": "Christina",
        "buyerLastName": "Patterson"
      },
      {
        "name": "RESCRIPTOR",
        "price": 850.52,
        "buyerFirstName": "Christina",
        "buyerLastName": "Patterson"
      },
      {
        "name": "smart sense nicotine",
        "price": 1444.12,
        "buyerFirstName": "Christina",
        "buyerLastName": "Patterson"
      }
    ]
  },
  {
    "firstName": "Brandon",
    "lastName": "Fuller",
    "boughtProducts": [
      {
        "name": "ESIKA",
        "price": 879.37,
        "buyerFirstName": "Brandon",
        "buyerLastName": "Fuller"
      },
      {
        "name": "MEDICATED DANDRUFF",
        "price": 1351.02,
        "buyerFirstName": "Brandon",
        "buyerLastName": "Fuller"
      }
    ]
  },
  {
    "lastName": "Harrison",
    "boughtProducts": [
      {
        "name": "pain relief",
        "price": 938.23,
        "buyerLastName": "Harrison"
      }
    ]
  },
  {
    "firstName": "Nicole",
    "lastName": "Martinez",
    "boughtProducts": [
      {
        "name": "Finasteride",
        "price": 1374.01,
        "buyerFirstName": "Nicole",
        "buyerLastName": "Martinez"
      }
    ]
  },
  {
    "lastName": "Stewart",
    "boughtProducts": [
      {
        "name": "Glipizide and Metformin Hydrochloride",
        "price": 953.6,
        "buyerLastName": "Stewart"
      }
    ]
  },
  {
    "lastName": "Harrison",
    "boughtProducts": [
      {
        "name": "pain relief",
        "price": 938.23,
        "buyerLastName": "Harrison"
      }
    ]
  },
  {
    "firstName": "Nicole",
    "lastName": "Martinez",
    "boughtProducts": [
      {
        "name": "Finasteride",
        "price": 1374.01,
        "buyerFirstName": "Nicole",
        "buyerLastName": "Martinez"
      }
    ]
  },
  {
    "firstName": "Carl",
    "lastName": "Daniels",
    "boughtProducts": []
  },
  {
    "firstName": "Rachel",
    "lastName": "Johnson",
    "boughtProducts": [
      {
        "name": "Ringers",
        "price": 1054.37,
        "buyerFirstName": "Rachel",
        "buyerLastName": "Johnson"
      }
    ]
  },
  {
    "firstName": "Brenda",
    "lastName": "Howell",
    "boughtProducts": [
      {
        "name": "CALMING DIAPER RASH",
        "price": 700.92,
        "buyerFirstName": "Brenda",
        "buyerLastName": "Howell"
      }
    ]
  },
  {
    "firstName": "Gloria",
    "lastName": "Alexander",
    "boughtProducts": [
      {
        "name": "NEO-POLY-BAC HYDRO",
        "price": 967.32,
        "buyerFirstName": "Gloria",
        "buyerLastName": "Alexander"
      },
      {
        "name": "MEDI-FIRST Non-Aspirin",
        "price": 1301.28,
        "buyerFirstName": "Gloria",
        "buyerLastName": "Alexander"
      }
    ]
  },
  {
    "lastName": "Schmidt",
    "boughtProducts": []
  },
  {
    "firstName": "Kathy",
    "lastName": "Gilbert",
    "boughtProducts": [
      {
        "name": "Clearskin",
        "price": 968.59,
        "buyerFirstName": "Kathy",
        "buyerLastName": "Gilbert"
      },
      {
        "name": "Alcohol Free Antiseptic",
        "price": 1486.07,
        "buyerFirstName": "Kathy",
        "buyerLastName": "Gilbert"
      }
    ]
  },
  {
    "firstName": "Patricia",
    "lastName": "Cooper",
    "boughtProducts": [
      {
        "name": "Prednisone",
        "price": 1285.99,
        "buyerFirstName": "Patricia",
        "buyerLastName": "Cooper"
      }
    ]
  },
  {
    "firstName": "Thomas",
    "lastName": "Snyder",
    "boughtProducts": [
      {
        "name": "cough and sore throat",
        "price": 1482.68,
        "buyerFirstName": "Thomas",
        "buyerLastName": "Snyder"
      },
      {
        "name": "Acetic Acid",
        "price": 1060.43,
        "buyerFirstName": "Thomas",
        "buyerLastName": "Snyder"
      },
      {
        "name": "Topical 60 Sec Sodium Fluoride",
        "price": 1228.84,
        "buyerFirstName": "Thomas",
        "buyerLastName": "Snyder"
      }
    ]
  },
  {
    "firstName": "Christina",
    "lastName": "Patterson",
    "boughtProducts": [
      {
        "name": "Flumazenil",
        "price": 1151.37,
        "buyerFirstName": "Christina",
        "buyerLastName": "Patterson"
      },
      {
        "name": "smart sense nighttime cold and flu relief",
        "price": 1101.77,
        "buyerFirstName": "Christina",
        "buyerLastName": "Patterson"
      },
      {
        "name": "RESCRIPTOR",
        "price": 850.52,
        "buyerFirstName": "Christina",
        "buyerLastName": "Patterson"
      },
      {
        "name": "smart sense nicotine",
        "price": 1444.12,
        "buyerFirstName": "Christina",
        "buyerLastName": "Patterson"
      }
    ]
  },
  {
    "firstName": "Diana",
    "lastName": "Harvey",
    "boughtProducts": [
      {
        "name": "Moore Medical Sinus Pain and Pressure Relief",
        "price": 855.39,
        "buyerFirstName": "Diana",
        "buyerLastName": "Harvey"
      },
      {
        "name": "Hydralazine Hydrochloride",
        "price": 1309.72,
        "buyerFirstName": "Diana",
        "buyerLastName": "Harvey"
      },
      {
        "name": "Pollens - Weeds and Garden Plants, Nettle Urtica dioica",
        "price": 782.77,
        "buyerFirstName": "Diana",
        "buyerLastName": "Harvey"
      }
    ]
  },
  {
    "firstName": "Anna",
    "lastName": "Parker",
    "boughtProducts": [
      {
        "name": "Effervescent Cold Relief",
        "price": 1436.07,
        "buyerFirstName": "Anna",
        "buyerLastName": "Parker"
      },
      {
        "name": "Metoprolol Tartrate",
        "price": 1405.74,
        "buyerFirstName": "Anna",
        "buyerLastName": "Parker"
      },
      {
        "name": "Levothyroxine Sodium",
        "price": 885.86,
        "buyerFirstName": "Anna",
        "buyerLastName": "Parker"
      }
    ]
  },
  {
    "lastName": "Mitchell",
    "boughtProducts": [
      {
        "name": "GOONG SECRET CALMING BATH",
        "price": 742.47,
        "buyerLastName": "Mitchell"
      },
      {
        "name": "Aspirin",
        "price": 925.45,
        "buyerLastName": "Mitchell"
      }
    ]
  },
  {
    "firstName": "Jeremy",
    "lastName": "Woods",
    "boughtProducts": [
      {
        "name": "Care One Hemorrhoidal",
        "price": 932.18,
        "buyerFirstName": "Jeremy",
        "buyerLastName": "Woods"
      },
      {
        "name": "Etodolac",
        "price": 1443.13,
        "buyerFirstName": "Jeremy",
        "buyerLastName": "Woods"
      },
      {
        "name": "Myristica Argentum Sinus Relief",
        "price": 904.52,
        "buyerFirstName": "Jeremy",
        "buyerLastName": "Woods"
      }
    ]
  },
  {
    "firstName": "Ann",
    "lastName": "Stevens",
    "boughtProducts": [
      {
        "name": "Fair Foundation SPF 15",
        "price": 1394.24,
        "buyerFirstName": "Ann",
        "buyerLastName": "Stevens"
      },
      {
        "name": "Naproxen",
        "price": 807.22,
        "buyerFirstName": "Ann",
        "buyerLastName": "Stevens"
      },
      {
        "name": "SUMATRIPTAN SUCCINATE",
        "price": 1265.94,
        "buyerFirstName": "Ann",
        "buyerLastName": "Stevens"
      },
      {
        "name": "Nevirapine",
        "price": 1374.72,
        "buyerFirstName": "Ann",
        "buyerLastName": "Stevens"
      }
    ]
  },
  {
    "firstName": "Betty",
    "lastName": "Ward",
    "boughtProducts": [
      {
        "name": "IOPE RETIGEN MOISTURE TWIN CAKE NO.21",
        "price": 1257.71,
        "buyerFirstName": "Betty",
        "buyerLastName": "Ward"
      }
    ]
  },
  {
    "firstName": "Nicole",
    "lastName": "Martinez",
    "boughtProducts": [
      {
        "name": "Finasteride",
        "price": 1374.01,
        "buyerFirstName": "Nicole",
        "buyerLastName": "Martinez"
      }
    ]
  },
  {
    "firstName": "Jennifer",
    "lastName": "Riley",
    "boughtProducts": [
      {
        "name": "Ondansetron",
        "price": 1249.76,
        "buyerFirstName": "Jennifer",
        "buyerLastName": "Riley"
      }
    ]
  },
  {
    "firstName": "Sarah",
    "lastName": "Day",
    "boughtProducts": [
      {
        "name": "Retin-A MICRO",
        "price": 995.98,
        "buyerFirstName": "Sarah",
        "buyerLastName": "Day"
      },
      {
        "name": "Butalbital, Aspirin and Caffeine",
        "price": 1010.98,
        "buyerFirstName": "Sarah",
        "buyerLastName": "Day"
      },
      {
        "name": "Archangelica Eucalyptus",
        "price": 1334.91,
        "buyerFirstName": "Sarah",
        "buyerLastName": "Day"
      },
      {
        "name": "leader pain reliever",
        "price": 1179.79,
        "buyerFirstName": "Sarah",
        "buyerLastName": "Day"
      }
    ]
  },
  {
    "firstName": "Brenda",
    "lastName": "Howell",
    "boughtProducts": [
      {
        "name": "CALMING DIAPER RASH",
        "price": 700.92,
        "buyerFirstName": "Brenda",
        "buyerLastName": "Howell"
      }
    ]
  },
  {
    "firstName": "Carl",
    "lastName": "Daniels",
    "boughtProducts": []
  },
  {
    "firstName": "Jennifer",
    "lastName": "Riley",
    "boughtProducts": [
      {
        "name": "Ondansetron",
        "price": 1249.76,
        "buyerFirstName": "Jennifer",
        "buyerLastName": "Riley"
      }
    ]
  },
  {
    "firstName": "Brandon",
    "lastName": "Fuller",
    "boughtProducts": [
      {
        "name": "ESIKA",
        "price": 879.37,
        "buyerFirstName": "Brandon",
        "buyerLastName": "Fuller"
      },
      {
        "name": "MEDICATED DANDRUFF",
        "price": 1351.02,
        "buyerFirstName": "Brandon",
        "buyerLastName": "Fuller"
      }
    ]
  },
  {
    "firstName": "Jacqueline",
    "lastName": "Perez",
    "boughtProducts": [
      {
        "name": "Baza Antifungal",
        "price": 1162.34,
        "buyerFirstName": "Jacqueline",
        "buyerLastName": "Perez"
      }
    ]
  },
  {
    "firstName": "Betty",
    "lastName": "Lawson",
    "boughtProducts": []
  },
  {
    "firstName": "Ann",
    "lastName": "Stevens",
    "boughtProducts": [
      {
        "name": "Fair Foundation SPF 15",
        "price": 1394.24,
        "buyerFirstName": "Ann",
        "buyerLastName": "Stevens"
      },
      {
        "name": "Naproxen",
        "price": 807.22,
        "buyerFirstName": "Ann",
        "buyerLastName": "Stevens"
      },
      {
        "name": "SUMATRIPTAN SUCCINATE",
        "price": 1265.94,
        "buyerFirstName": "Ann",
        "buyerLastName": "Stevens"
      },
      {
        "name": "Nevirapine",
        "price": 1374.72,
        "buyerFirstName": "Ann",
        "buyerLastName": "Stevens"
      }
    ]
  },
  {
    "firstName": "Marie",
    "lastName": "Williamson",
    "boughtProducts": [
      {
        "name": "XtraCare Foam Antibacterial Hand Wash",
        "price": 1251.97,
        "buyerFirstName": "Marie",
        "buyerLastName": "Williamson"
      },
      {
        "name": "LBEL Couleur Luxe Rouge Amplifier XP amplifying SPF 15",
        "price": 1069.43,
        "buyerFirstName": "Marie",
        "buyerLastName": "Williamson"
      },
      {
        "name": "DIVALPROEX SODIUM",
        "price": 1287.03,
        "buyerFirstName": "Marie",
        "buyerLastName": "Williamson"
      }
    ]
  },
  {
    "lastName": "Thompson",
    "boughtProducts": [
      {
        "name": "Head and Shoulders Conditioner",
        "price": 1099.59,
        "buyerLastName": "Thompson"
      },
      {
        "name": "Megestrol Acetate",
        "price": 976.15,
        "buyerLastName": "Thompson"
      },
      {
        "name": "DIPYRIDAMOLE",
        "price": 1150.67,
        "buyerLastName": "Thompson"
      },
      {
        "name": "Warfarin Sodium",
        "price": 1379.79,
        "buyerLastName": "Thompson"
      }
    ]
  },
  {
    "firstName": "Anna",
    "lastName": "Clark",
    "boughtProducts": [
      {
        "name": "Clarins Paris Skin Illusion - 114 cappuccino",
        "price": 811.42,
        "buyerFirstName": "Anna",
        "buyerLastName": "Clark"
      },
      {
        "name": "XANTHIUM STRUMARIUM VAR CANADENSE POLLEN",
        "price": 1091.38,
        "buyerFirstName": "Anna",
        "buyerLastName": "Clark"
      },
      {
        "name": "Metformin Hydrochloride",
        "price": 953.99,
        "buyerFirstName": "Anna",
        "buyerLastName": "Clark"
      },
      {
        "name": "Topex",
        "price": 1258.49,
        "buyerFirstName": "Anna",
        "buyerLastName": "Clark"
      },
      {
        "name": "Meloxicam",
        "price": 809.18,
        "buyerFirstName": "Anna",
        "buyerLastName": "Clark"
      }
    ]
  },
  {
    "firstName": "Patrick",
    "lastName": "King",
    "boughtProducts": [
      {
        "name": "Treatment Set TS336667",
        "price": 1466.47,
        "buyerFirstName": "Patrick",
        "buyerLastName": "King"
      },
      {
        "name": "Glycopyrrolate",
        "price": 1471.43,
        "buyerFirstName": "Patrick",
        "buyerLastName": "King"
      },
      {
        "name": "Americaine",
        "price": 1165.75,
        "buyerFirstName": "Patrick",
        "buyerLastName": "King"
      },
      {
        "name": "Nighttime Sleep Aid",
        "price": 1217.11,
        "buyerFirstName": "Patrick",
        "buyerLastName": "King"
      }
    ]
  },
  {
    "firstName": "Benjamin",
    "lastName": "Henry",
    "boughtProducts": [
      {
        "name": "Aquafresh",
        "price": 849.93,
        "buyerFirstName": "Benjamin",
        "buyerLastName": "Henry"
      },
      {
        "name": "ESIKA 3-IN-1 PRO MAKE UP FOUNDATION SPF 20 BASE DE MAQUILLAJE PARA ROSTRO 3-EN-1 PRO FPS 20",
        "price": 1097.6,
        "buyerFirstName": "Benjamin",
        "buyerLastName": "Henry"
      }
    ]
  },
  {
    "firstName": "Nicole",
    "lastName": "Martinez",
    "boughtProducts": [
      {
        "name": "Finasteride",
        "price": 1374.01,
        "buyerFirstName": "Nicole",
        "buyerLastName": "Martinez"
      }
    ]
  },
  {
    "firstName": "Carl",
    "lastName": "Daniels",
    "boughtProducts": []
  },
  {
    "lastName": "Bennett",
    "boughtProducts": [
      {
        "name": "Acetaminophen, Chlorpheniramine Maleate, Dextromethorphan Hydrobromide, Phenylephrine Hydrochloride",
        "price": 1028.27,
        "buyerLastName": "Bennett"
      }
    ]
  },
  {
    "lastName": "Thompson",
    "boughtProducts": [
      {
        "name": "Head and Shoulders Conditioner",
        "price": 1099.59,
        "buyerLastName": "Thompson"
      },
      {
        "name": "Megestrol Acetate",
        "price": 976.15,
        "buyerLastName": "Thompson"
      },
      {
        "name": "DIPYRIDAMOLE",
        "price": 1150.67,
        "buyerLastName": "Thompson"
      },
      {
        "name": "Warfarin Sodium",
        "price": 1379.79,
        "buyerLastName": "Thompson"
      }
    ]
  },
  {
    "firstName": "Sarah",
    "lastName": "Day",
    "boughtProducts": [
      {
        "name": "Retin-A MICRO",
        "price": 995.98,
        "buyerFirstName": "Sarah",
        "buyerLastName": "Day"
      },
      {
        "name": "Butalbital, Aspirin and Caffeine",
        "price": 1010.98,
        "buyerFirstName": "Sarah",
        "buyerLastName": "Day"
      },
      {
        "name": "Archangelica Eucalyptus",
        "price": 1334.91,
        "buyerFirstName": "Sarah",
        "buyerLastName": "Day"
      },
      {
        "name": "leader pain reliever",
        "price": 1179.79,
        "buyerFirstName": "Sarah",
        "buyerLastName": "Day"
      }
    ]
  },
  {
    "firstName": "Fred",
    "lastName": "Barnes",
    "boughtProducts": [
      {
        "name": "Etoposide",
        "price": 1483.96,
        "buyerFirstName": "Fred",
        "buyerLastName": "Barnes"
      }
    ]
  },
  {
    "firstName": "Patricia",
    "lastName": "Fuller",
    "boughtProducts": [
      {
        "name": "Acnezzol Base",
        "price": 710.6,
        "buyerFirstName": "Patricia",
        "buyerLastName": "Fuller"
      },
      {
        "name": "Azithromycin",
        "price": 813.87,
        "buyerFirstName": "Patricia",
        "buyerLastName": "Fuller"
      },
      {
        "name": "Gilotrif",
        "price": 1454.77,
        "buyerFirstName": "Patricia",
        "buyerLastName": "Fuller"
      }
    ]
  },
  {
    "firstName": "Jeremy",
    "lastName": "Woods",
    "boughtProducts": [
      {
        "name": "Care One Hemorrhoidal",
        "price": 932.18,
        "buyerFirstName": "Jeremy",
        "buyerLastName": "Woods"
      },
      {
        "name": "Etodolac",
        "price": 1443.13,
        "buyerFirstName": "Jeremy",
        "buyerLastName": "Woods"
      },
      {
        "name": "Myristica Argentum Sinus Relief",
        "price": 904.52,
        "buyerFirstName": "Jeremy",
        "buyerLastName": "Woods"
      }
    ]
  },
  {
    "firstName": "Thomas",
    "lastName": "Snyder",
    "boughtProducts": [
      {
        "name": "cough and sore throat",
        "price": 1482.68,
        "buyerFirstName": "Thomas",
        "buyerLastName": "Snyder"
      },
      {
        "name": "Acetic Acid",
        "price": 1060.43,
        "buyerFirstName": "Thomas",
        "buyerLastName": "Snyder"
      },
      {
        "name": "Topical 60 Sec Sodium Fluoride",
        "price": 1228.84,
        "buyerFirstName": "Thomas",
        "buyerLastName": "Snyder"
      }
    ]
  },
  {
    "firstName": "Jennifer",
    "lastName": "Riley",
    "boughtProducts": [
      {
        "name": "Ondansetron",
        "price": 1249.76,
        "buyerFirstName": "Jennifer",
        "buyerLastName": "Riley"
      }
    ]
  },
  {
    "firstName": "Anna",
    "lastName": "Parker",
    "boughtProducts": [
      {
        "name": "Effervescent Cold Relief",
        "price": 1436.07,
        "buyerFirstName": "Anna",
        "buyerLastName": "Parker"
      },
      {
        "name": "Metoprolol Tartrate",
        "price": 1405.74,
        "buyerFirstName": "Anna",
        "buyerLastName": "Parker"
      },
      {
        "name": "Levothyroxine Sodium",
        "price": 885.86,
        "buyerFirstName": "Anna",
        "buyerLastName": "Parker"
      }
    ]
  },
  {
    "firstName": "Betty",
    "lastName": "Lawson",
    "boughtProducts": []
  },
  {
    "firstName": "Bonnie",
    "lastName": "Fox",
    "boughtProducts": [
      {
        "name": "Zonisamide",
        "price": 1305.41,
        "buyerFirstName": "Bonnie",
        "buyerLastName": "Fox"
      }
    ]
  },
  {
    "firstName": "Kathy",
    "lastName": "Gilbert",
    "boughtProducts": [
      {
        "name": "Clearskin",
        "price": 968.59,
        "buyerFirstName": "Kathy",
        "buyerLastName": "Gilbert"
      },
      {
        "name": "Alcohol Free Antiseptic",
        "price": 1486.07,
        "buyerFirstName": "Kathy",
        "buyerLastName": "Gilbert"
      }
    ]
  },
  {
    "firstName": "Patrick",
    "lastName": "King",
    "boughtProducts": [
      {
        "name": "Treatment Set TS336667",
        "price": 1466.47,
        "buyerFirstName": "Patrick",
        "buyerLastName": "King"
      },
      {
        "name": "Glycopyrrolate",
        "price": 1471.43,
        "buyerFirstName": "Patrick",
        "buyerLastName": "King"
      },
      {
        "name": "Americaine",
        "price": 1165.75,
        "buyerFirstName": "Patrick",
        "buyerLastName": "King"
      },
      {
        "name": "Nighttime Sleep Aid",
        "price": 1217.11,
        "buyerFirstName": "Patrick",
        "buyerLastName": "King"
      }
    ]
  },
  {
    "firstName": "Betty",
    "lastName": "Lawson",
    "boughtProducts": []
  },
  {
    "firstName": "Brenda",
    "lastName": "Howell",
    "boughtProducts": [
      {
        "name": "CALMING DIAPER RASH",
        "price": 700.92,
        "buyerFirstName": "Brenda",
        "buyerLastName": "Howell"
      }
    ]
  }
]